Provider_ID,Name,Type,Address,City,Contact
1,Gonzales-Cochran,Supermarket,"74347 Christopher Extensions
Andreamouth_ OK 91839",New Jessica,-1299
2,Nielsen_ Johnson and Fuller,Grocery Store,"91228 Hanson Stream
Welchtown_ OR 27136",East Sheena,+1-925-283-8901x6297
3,Miller-Black,Supermarket,"561 Martinez Point Suite 507
Guzmanchester_ WA 94320",Lake Jesusview,001-517-295-2206
4,Clark_ Prince and Williams,Grocery Store,"467 Bell Trail Suite 409
Port Jesus_ IA 61188",Mendezmouth,556.944.8935x401
5,Coleman-Farley,Grocery Store,"078 Matthew Creek Apt. 319
Saraborough_ MA 53978",Valentineside,193.714.6577
6,Lawson-Walters,Grocery Store,"1889 Barnes Gateway
Adamview_ ID 87971",Shannonside,144-860-6074x60544
7,Ortiz-Lee,Restaurant,"1842 Villarreal Shores
Williamfort_ CT 44529",Lake Christopherburgh,(563)889-7190
8,Curtis-Lewis,Supermarket,"4770 Miller Light Suite 260
New Charlesville_ AR 97075",Washingtonville,+1-521-027-8120x3301
9,Nguyen Inc,Supermarket,"169 Scott Keys Suite 000
East Michelle_ HI 57025",Tinamouth,898-609-2609x844
10,Hall_ Nguyen and Martinez,Catering Service,"71458 Mark Field Apt. 252
North Alexland_ TX 02693",West Cherylfort,(740)949-2480x40566
11,Flores_ Jackson and Ford,Supermarket,"0663 Paul Field
South Haileyshire_ AL 19652",South Robert,276.527.4329
12,Miller Ltd,Supermarket,"508 White Mission Apt. 893
Bryantborough_ WV 79111",East Williamburgh,001-909-021-4559
13,Parker_ Flores and Jennings,Restaurant,"117 Jasmine Isle Apt. 604
South Ryanville_ MN 41933",Nicolefort,(516)626-8840
14,Nguyen-Tran,Catering Service,"65833 Anthony Ridges
Williamsmouth_ IA 42157",Garciamouth,+1-899-619-4557x62932
15,Valdez-Diaz,Grocery Store,"03142 Jones Trail Suite 601
Walkerton_ AL 61502",West Theresaberg,(046)544-9977
16,Brown and Sons,Catering Service,"1745 Chan Ridges
Ginaville_ OK 07163",West Vanessafort,018-471-0550x16593
17,Miller Ltd,Catering Service,"355 Rogers Ferry Suite 116
East Stevenburgh_ MD 93961",West Dawn,(876)537-9861x93433
18,Edwards-Turner,Restaurant,"277 Ashley Wall Suite 063
Kimberlyshire_ SC 60998",Cassandraville,361.706.6889x42826
19,Davis Ltd,Supermarket,"USCGC Taylor
FPO AA 68109",South Melanieshire,117-624-9394x3533
20,Drake-Martinez,Catering Service,"22920 Carpenter Turnpike Apt. 652
New Steven_ AR 33177",East Samantha,001-454-212-3510x6135
21,Cross Group,Grocery Store,"802 Daniel Highway
Lake Sabrinamouth_ DE 52427",Port Corystad,(170)989-9040x1296
22,Miller-Carter,Catering Service,"44329 Hendrix Land
Port Christine_ AL 43242",Port Lisamouth,-5657
23,Johnson Ltd,Supermarket,"32366 Kathy Fall
Rodriguezton_ NH 27984",Bradleyborough,916.509.1396x4499
24,Black_ Collins and Richard,Supermarket,"643 Galvan Burgs
Fletcherhaven_ AZ 86988",Hestermouth,266.040.9664x08185
25,Gutierrez-Palmer,Grocery Store,"019 Avila Station
Lake Dennisborough_ AZ 84988",Anitashire,(155)292-7832x2085
26,Hansen Inc,Grocery Store,"9402 Corey Avenue
Jamesland_ AL 54220",West Adammouth,464-311-2342
27,Lester Inc,Supermarket,"3187 Brittany Overpass Suite 160
Lake Elizabeth_ CO 63236",New Natasha,001-037-031-5899x7076
28,Wright Ltd,Restaurant,"69921 Sullivan Manor Apt. 996
Russellport_ ME 99724",Jessestad,850-175-4730
29,Andrews-Wiley,Grocery Store,"37741 Edward Green Apt. 840
Whiteport_ WY 68558",Patrickmouth,+1-657-214-6013x08444
30,Rodriguez PLC,Catering Service,"88798 Dustin Lane Suite 892
Port Jessicaville_ KY 16461",West Pamelaborough,(227)080-4918x858
31,Thompson-Kerr,Grocery Store,"123 Barber Divide
New Stephanie_ KY 35738",South Kellyberg,(786)641-7043
32,Lawrence PLC,Catering Service,"35759 Baker Center
East Allisonville_ WA 47206",Jameschester,+1-161-540-1127x4461
33,Miranda_ Wilcox and Short,Restaurant,"208 Williams Fields Suite 324
New Robert_ MN 13700",Janetborough,711.136.4426
34,Cooper_ Smith and King,Grocery Store,"439 Barnes Courts Apt. 349
South Gregory_ MO 73315",North Garybury,+1-812-193-0704x61726
35,Nguyen-Parsons,Grocery Store,"23683 Paul Groves Suite 174
Vegaville_ IA 58578",Andersonmouth,(638)668-6852
36,Powell Inc,Restaurant,"7278 Jesse Fall
Mitchellfort_ SD 79576",Cindyshire,668-319-5716
37,Phelps-Schmidt,Catering Service,"689 Riley Villages
South Jose_ LA 55827",New Amanda,001-048-886-1039
38,Lawrence LLC,Supermarket,"USNS Decker
FPO AE 46703",Perkinsbury,580-888-5964
39,Fernandez-Bridges,Supermarket,"77717 Amanda Plains Apt. 231
Danielberg_ CA 13392",Brittanyville,001-714-175-0277x076
40,Robinson PLC,Restaurant,"59437 Schneider Villages Suite 050
South Derek_ NM 07539",Jennifertown,925-882-9055
41,Kelly-Ware,Catering Service,"482 Bush Island
Wrightburgh_ MI 64397",Bentleyburgh,(033)969-7445x782
42,Austin-Yu,Grocery Store,"482 Lisa Viaduct
Shirleyberg_ IL 95427",East Nicholasbury,+1-392-878-0666x94428
43,Martinez_ Johnson and Torres,Supermarket,"66956 Carter Lakes Apt. 029
New Matthewview_ OK 90573",South Karen,250.919.8579
44,Torres-Perez,Supermarket,"9114 Becky Junctions
Hillhaven_ WV 14750",Jamesville,(264)170-0478x03197
45,Butler_ Kennedy and Cowan,Catering Service,"Unit 7100 Box 9890
DPO AP 52163",East Deniseborough,(704)033-6760x72290
46,Fisher_ Hernandez and Webster,Grocery Store,"8490 Valdez Ports Suite 007
Port Jeremy_ NV 85800",South Lisaberg,871-801-8397x99626
47,Wong-Reese,Supermarket,"9078 Jeffrey Drive Suite 439
Lake Jasonberg_ RI 48655",East Andrewland,483-625-4097
48,Conway-Barr,Restaurant,"597 Contreras Roads
South Hannah_ RI 04553",Timothyview,+1-820-339-5162x911
49,Miller_ Braun and Graham,Supermarket,"USS Roberts
FPO AE 04254",Lake Traceyburgh,001-704-201-5818x1702
50,Perez-Williams,Catering Service,"956 Joseph Ford Apt. 098
Moorestad_ LA 74730",West Danielborough,(305)890-2191x91055
51,Shaw Inc,Restaurant,"163 Kenneth Lake
Gentrystad_ IN 23606",Rebeccabury,7059011779
52,Buck-Carey,Supermarket,"3155 Strickland Lakes
Nelsonview_ MN 90401",Port Dianaberg,+1-163-218-3619x58525
53,Wolfe and Sons,Supermarket,"5146 Robbins Spring
Danielshire_ NY 94988",Lake Allen,001-187-914-3723x273
54,Bennett_ Phillips and Green,Supermarket,"Unit 0882 Box 8764
DPO AE 00627",Lake Rachael,001-350-580-0382x854
55,Wilson-Brown,Grocery Store,"220 Rachel Trace
Port Mark_ AK 17083",Danachester,001-473-163-6196x2386
56,Morris Ltd,Catering Service,"03207 Paul Shoals
Thomasshire_ AR 89205",Michaelview,654-751-2531x515
57,Cook Group,Grocery Store,"6432 Guzman Estates
Lake Rebeccaborough_ CA 35184",Port Robin,983-295-7995
58,Martin_ Tyler and Wilkerson,Grocery Store,"334 Bishop Fort Suite 958
Port Jorge_ NM 10652",North Kevinhaven,+1-287-799-5933x17852
59,Warner_ White and Morris,Grocery Store,"92097 Simmons Cape
Arthurchester_ AL 44273",Marissaville,001-947-280-2490
60,Parker-Campbell,Restaurant,"USNS Williams
FPO AE 15960",Wilsonport,(006)958-8829x497
61,Arnold_ Russo and Foster,Supermarket,"PSC 8521_ Box 0417
APO AP 22766",Lake Joelshire,(717)564-9426x4690
62,Mitchell_ Campbell and Jones,Grocery Store,"760 Hall Dam
Jenniferstad_ MI 28752",Marymouth,001-356-024-1560x512
63,Fuller_ Vincent and Fernandez,Supermarket,"Unit 8327 Box 2560
DPO AP 34781",Mcclainfurt,(268)645-8829
64,Mullen LLC,Supermarket,"373 Moody Manor
Johnfurt_ CT 63966",South Michaelhaven,001-134-811-5840x300
65,Fletcher Inc,Grocery Store,"5294 William Underpass
North Angelaborough_ TN 26906",Lake Raymondton,-6960
66,Lambert-Wilson,Restaurant,"2162 Johnson Field
East Caroline_ AZ 13953",Lake Michaelfurt,+1-552-690-1512x083
67,Shannon Ltd,Restaurant,"8692 Adam Passage
Davidland_ WI 15372",Kentland,401-441-2366x8513
68,Sherman-Wolfe,Supermarket,"0312 Garcia Ferry
Port Deannaberg_ DC 72769",North Elizabeth,001-797-628-1681x740
69,Williams PLC,Grocery Store,"Unit 6990 Box 6326
DPO AA 08563",Cummingstown,001-683-268-4210x77233
70,Cook_ Stanley and Wallace,Supermarket,"1492 Thomas Route
East Hannah_ HI 37830",Lake Kyle,001-416-322-9367
71,Jones-Edwards,Restaurant,"861 Martinez Junctions
Smithburgh_ WA 68091",Ruizmouth,(077)105-8283
72,Ward_ Shepherd and Krause,Catering Service,"224 Burns Camp
Christopherborough_ VA 76601",Jasonstad,-6898
73,Walker-Richards,Grocery Store,"082 Nancy Summit Apt. 187
Hurleychester_ PA 09363",West Benjamin,-9162
74,Johnston Ltd,Catering Service,"58406 Pamela Mission
Leestad_ OH 88592",Belindaville,5630753213
75,Douglas PLC,Supermarket,"130 Lowe Cove Suite 161
South John_ LA 62264",Rodneystad,7650701698
76,Clark-Estes,Restaurant,"1854 Michael Locks Suite 076
Shaneland_ AZ 73210",Port Amandamouth,001-879-812-0126x19146
77,Golden-Phillips,Catering Service,"25069 Ramirez Springs Suite 233
West Jamestown_ IL 50100",New Rhonda,113.900.7657
78,Frazier LLC,Restaurant,"115 Danielle Oval Apt. 679
Port Jessica_ AZ 21218",North Susan,5883270069
79,Holmes Inc,Restaurant,"USS Le
FPO AP 30394",West Danieltown,935-374-2399x9900
80,Miller-Moore,Grocery Store,"1920 Jody Burg
Danaview_ NY 16941",Lake Dennischester,427-783-4717x76277
81,Harris Ltd,Grocery Store,"70117 Danielle Plaza
Bartonview_ NV 38788",North Michelle,508-454-9947x38541
82,Carey-Richardson,Supermarket,"352 Moore Greens Suite 745
Deborahtown_ NV 83580",West Lauraborough,468.906.0755x92529
83,Owens-Williams,Grocery Store,"USCGC Farrell
FPO AA 90914",West Julianburgh,(719)090-0487x482
84,Atkins Group,Restaurant,"2205 Sharp Junction Suite 771
Drakefurt_ KY 14437",Marthaside,+1-318-669-6985x63710
85,Larson Ltd,Catering Service,"335 Roberts Neck Apt. 867
Samanthaborough_ RI 60340",Christopherstad,370.601.0512x89954
86,Murphy-Boyd,Catering Service,"7105 James Overpass
Wilsonberg_ NC 47111",New Michelle,387-962-7399x435
87,Young_ Townsend and Mccarthy,Grocery Store,"4577 Shannon Tunnel Suite 786
Jamesview_ CT 96322",West Adam,001-286-579-2810x1913
88,Oliver_ Williams and Rich,Restaurant,"2297 Dunlap Plains
South Shannon_ MT 97282",Salastown,+1-509-255-9684x4064
89,Stewart-Page,Restaurant,"8433 Villegas Tunnel Suite 183
Lake Sarahview_ UT 79121",New Richard,(816)752-7440x258
90,Miller Group,Supermarket,"8851 Powell Cliffs Apt. 635
South Michael_ MO 83778",Lake Kristentown,001-311-806-0098x37361
91,Rivera LLC,Supermarket,"4769 Mark Curve
Sparksstad_ OR 98308",North Ronaldburgh,(812)838-6129x912
92,Cruz-Day,Catering Service,"98104 Goodman Extension
Smithport_ PA 37878",East Melissa,266.982.5975
93,Davis_ Vaughan and Shepherd,Supermarket,"89992 Quinn Plain Apt. 912
North Laura_ IN 05742",New Daniel,(147)151-2023x6618
94,Cuevas_ Smith and Rowe,Grocery Store,"7503 Mclaughlin Crescent Suite 498
Davismouth_ DE 08450",Brennanstad,(286)671-0956
95,Orr Inc,Supermarket,"5940 Klein Junctions
Jenniferborough_ PA 44116",Christinaland,-10371
96,Pierce_ Walsh and Rogers,Grocery Store,"8840 Edwards Square Suite 343
Kimside_ NE 41307",Deborahland,+1-065-024-5251x529
97,King-Snyder,Supermarket,"615 Barnett Circles
Jamesfort_ CT 76455",Reyesshire,+1-494-177-0520x17816
98,Hogan-Johnston,Supermarket,"00006 Amy Wall Apt. 134
Zimmermanborough_ PA 57869",Gardnerfort,184-472-6932
99,Walsh-Day,Supermarket,"815 Mary Via
Allenborough_ LA 80578",South Louis,(385)387-5081
100,Greene-Garcia,Catering Service,"USS Smith
FPO AE 39123",Mooreview,155.846.6299
101,Chambers-Waters,Restaurant,"56762 Kimberly Light Suite 474
Matthewmouth_ UT 45275",East Angelafort,001-230-322-3448x38934
102,Hester_ Bowers and Carpenter,Grocery Store,"913 Jennifer Mountain Suite 645
Burnsborough_ VT 02798",West Samantha,+1-699-911-5500x712
103,Russell-Summers,Catering Service,"84247 Emily Fords Apt. 478
North Michael_ RI 76457",Port Michaelshire,314-232-3936x08469
104,Jackson LLC,Catering Service,"254 Brandon Lodge
Michaelton_ NE 66307",Lake Theresa,001-488-905-7389
105,Carr-Schaefer,Restaurant,"67643 Matthews Club
East Jennifer_ ID 54291",Davidchester,156-951-3996x201
106,Moreno Group,Catering Service,"6631 Guerra Ramp Apt. 479
Valeriefort_ SC 39501",Lopezmouth,431.153.2913x530
107,Pollard_ Tyler and Davis,Restaurant,"120 Johnson Mountains
New Daniel_ WI 58864",West Lauraborough,7599766878
108,Williams-Cox,Supermarket,"400 Ross Radial
Francomouth_ MT 80264",East Austin,082.114.2329
109,Powell_ Norton and James,Catering Service,"0621 Nixon Ridge
New Ryanton_ WV 87834",North Carmen,(816)856-0766x22957
110,Figueroa-Soto,Grocery Store,"113 Donna Pass
Port Michaelchester_ NE 39187",South Kellyville,(599)442-0494
111,Ball-Church,Supermarket,"096 Robin Walks Suite 454
Foxburgh_ NC 51501",South Davidside,(352)764-4709
112,Webb_ Graves and Harrison,Restaurant,"3538 Fields Vista Suite 058
West Sonya_ IN 53745",East Courtneymouth,935.714.9134x34359
113,Anderson_ Nicholson and Bruce,Catering Service,"8546 James Fields Apt. 534
Hallborough_ AL 55990",East Elizabethberg,+1-274-720-0033x1795
114,Barnett-Graves,Restaurant,"748 Reilly Mission Apt. 036
Aguilarfurt_ NM 08053",Lake Katherinechester,(409)027-9923x1761
115,Wells-Davis,Grocery Store,"16029 Lisa Junctions
Port Mary_ AZ 64519",Floresville,322.221.0619x89960
116,Mcdaniel-Morales,Grocery Store,"683 Damon Groves
Port Michael_ NE 84293",Moseshaven,001-702-836-3122
117,Morales_ Wood and Cox,Restaurant,"046 Madeline Plain Apt. 669
Smithbury_ MS 53261",Amberton,468.025.0721x72227
118,Evans-Harrison,Supermarket,"2430 Michael Branch
Lake Brian_ CA 67262",Lake Joseph,066.832.7189x65581
119,Yates-Mills,Restaurant,"PSC 9917_ Box 2733
APO AE 68445",Port Kathleen,(954)085-0479
120,Burns-Davis,Restaurant,"100 Jill Trail Suite 664
Danielmouth_ TX 62651",New Lisa,+1-749-554-2482x64065
121,Glover Inc,Grocery Store,"75912 Brett Parks
West Lawrenceburgh_ TN 53383",South Kelly,(769)689-5964x20301
122,Mosley-Hernandez,Catering Service,"02866 John Causeway
Markberg_ RI 91177",Tyronebury,+1-477-159-2443x576
123,Stephens-Stephens,Grocery Store,"794 Horne Track Apt. 542
East Mariaport_ AK 95122",East Meganfort,+1-970-818-8098x124
124,Allen_ Zimmerman and Harrington,Supermarket,"PSC 7915_ Box 6921
APO AE 81937",Lake Shelby,832-646-1114x86947
125,Brown-Grimes,Supermarket,"71570 Jason Spurs Apt. 697
Melissaton_ ID 56125",Lake April,492-029-0285x3479
126,Jackson_ Gonzalez and Smith,Supermarket,"99197 Jensen Inlet
Juliaside_ AK 27283",New Rodneyville,(590)652-0264x4365
127,Vasquez LLC,Restaurant,"70060 Chelsea Trace Suite 180
Lopezburgh_ AR 16869",Jasonland,731.947.3123
128,Martinez-Downs,Catering Service,"38440 Jonathan Pine Suite 612
Millshaven_ CO 77071",Port Mariefort,+1-736-853-1037x942
129,Hicks Ltd,Restaurant,"4349 Michael Fort
South Melissa_ ND 26423",Port Emily,510.799.8149x819
130,Nelson-Tran,Catering Service,"Unit 6111 Box 7557
DPO AA 52174",New Daniel,-4499
131,Spencer_ Martin and Romero,Restaurant,"42751 Jose Junction Suite 390
New Johnnyberg_ MS 26952",Scottton,333.579.4749x45469
132,Walker-Knox,Catering Service,"353 Donald Tunnel Apt. 330
Fisherview_ IA 09906",Huntermouth,+1-787-557-7905x551
133,Baker LLC,Catering Service,"881 Thomas Valleys Apt. 842
South Danielleland_ OR 09264",South Michaelberg,423-570-5106
134,Cook Ltd,Supermarket,"15130 Parker Hill
Adkinsville_ MN 48860",West Melissa,(340)959-7188x4581
135,Dyer Group,Catering Service,"601 Kent Mills Apt. 098
New Robertstad_ NY 73393",East Candace,906.900.1026
136,Gordon_ Davis and Gonzalez,Grocery Store,"48332 Richard Radial
South Christinafurt_ MS 38651",Lamberttown,001-549-717-7006x7763
137,Pena and Sons,Supermarket,"48061 Thomas Mission
Stephensmouth_ NC 22128",East Alexisberg,351-759-9512
138,Jones_ Rojas and Brown,Grocery Store,"3671 Hansen Loaf
Port Nicholas_ VT 97420",North Sherrimouth,490.519.3490x03679
139,Johnson-Ray,Supermarket,"3639 Jones Brooks
South Matthew_ VA 33223",Port Connie,294.692.7978x3473
140,Zhang LLC,Restaurant,"6343 Sanders Park Suite 844
Port Brendaton_ FL 49650",Watsonstad,001-943-679-8869x4358
141,Rodriguez PLC,Grocery Store,"03072 Stephen Terrace Suite 003
Lake Brandon_ TX 93484",Port Manuel,001-338-962-9433x726
142,Myers_ Kelley and Riley,Catering Service,"374 Murray Run
Port Sarahview_ CA 10295",Mitchellmouth,001-912-865-5943x9580
143,Luna_ Padilla and Torres,Grocery Store,"7550 Kevin Inlet Suite 004
Roweton_ CT 19578",Samuelville,7363126794
144,Johnson_ Harris and White,Catering Service,"PSC 5814_ Box 9023
APO AA 76560",Bellport,293-470-3464x6698
145,Rice-Woods,Grocery Store,"802 Young Ramp Suite 344
Port Amy_ HI 07296",Kayleefort,+1-180-785-3704x622
146,Hampton-Lee,Supermarket,"994 Maxwell Squares Apt. 136
Browninghaven_ IA 33077",Jonathanhaven,663-119-2623x961
147,Nguyen-Shaffer,Catering Service,"538 Charles Unions
Port Jessica_ MD 31072",West Trevorview,040.258.9118
148,Perry_ Cabrera and Owens,Grocery Store,"97775 Rice Forks
Johnsontown_ RI 35006",Annahaven,626-321-0040x18014
149,Lee LLC,Grocery Store,"0886 Smith Glen
Duncanmouth_ AL 18583",North Amber,010-809-0806x17359
150,Powers_ Clark and Snyder,Grocery Store,"8675 Reed Crest Suite 904
West Wendyborough_ ID 45874",North Jamesberg,531-341-5220x02539
151,Butler-Newman,Restaurant,"531 Christine Plains Apt. 814
New Randall_ GA 19091",Anthonyshire,+1-832-258-6208x585
152,Rogers-Shaw,Catering Service,"39253 David Common
West Tyler_ NC 21196",South Jacobport,001-522-305-5977x0080
153,Wu LLC,Restaurant,"439 Oscar Mountains Suite 426
Lake Markmouth_ MI 84788",Hawkinsmouth,350.191.5139x454
154,Smith-Turner,Supermarket,"574 Jamie Mountains Apt. 480
North Timothy_ CA 92067",New John,001-084-709-0706x311
155,Bennett-Parker,Supermarket,"17497 Michelle Path
New Mariamouth_ UT 32031",Charlesview,(773)966-1784
156,Johnson-Thompson,Catering Service,"920 Todd Points Apt. 224
Elliottstad_ ID 85406",West Carolyn,239.163.9415
157,Rodriguez_ Walker and Singleton,Restaurant,"3006 Fernandez Ferry
Jamesview_ KS 30878",Bairdfort,998.166.5324
158,Shepherd Group,Catering Service,"922 Nicole Neck
Lake Danaton_ ID 65819",North Crystal,001-796-831-6588
159,Wagner_ Cole and Thompson,Grocery Store,"201 Hopkins Lakes
Johnberg_ ND 15611",North Brooke,+1-555-595-6288x290
160,Baker_ Warren and Kirk,Supermarket,"PSC 7617_ Box 0188
APO AP 36602",Port Loganberg,001-687-777-6746x1515
161,Campbell LLC,Supermarket,"8423 Karen Trace Apt. 648
Johnland_ IA 21810",Perezport,001-211-446-3315x74760
162,Moore_ Perez and Young,Restaurant,"48313 Taylor Junctions Apt. 845
Petersborough_ VT 51814",Penabury,345.405.3372x9178
163,Jackson-Bishop,Restaurant,"1596 Romero Ports
Lake Jennifermouth_ ME 52335",Annetteburgh,5846608591
164,Yu-Rodriguez,Grocery Store,"144 Armstrong Viaduct Apt. 561
East Ericchester_ UT 19438",Sylviabury,017.590.2372
165,Silva Group,Grocery Store,"1541 Tara Forge
Mathisshire_ DE 61123",Copelandchester,57248175
166,King_ Smith and Mullen,Grocery Store,"9022 Harrington Path
Susanport_ SD 73387",Lake Donaldmouth,497-136-9598x5778
167,Thompson-Turner,Catering Service,"995 Campbell Mount Suite 129
Graytown_ MN 23216",Davidport,897-925-4252
168,Miller_ Williams and Lewis,Catering Service,"69419 Michele Trail Apt. 911
Valdezville_ NY 53308",Wardton,565.035.8798x7950
169,Hines-Green,Grocery Store,"121 Monica Loaf
Charlesshire_ MO 59196",Lindseyland,(054)626-5986x842
170,Peters_ Chase and Davis,Catering Service,"015 Steven Crossing Suite 882
Lake Brendaborough_ WV 97596",North Brentbury,+1-813-008-8889x184
171,Jones_ Delgado and Marquez,Catering Service,"67180 Christopher Parks Suite 702
Whitestad_ MI 84109",Williammouth,(186)605-0066
172,Parker_ Macdonald and Espinoza,Grocery Store,"708 Jones Estates Suite 598
Lake Samuel_ RI 75975",Garciaside,776-066-7306x648
173,Greene Group,Supermarket,"645 Acosta Circle Suite 351
Staceyburgh_ TN 64114",Myerschester,552-231-5655x057
174,Gillespie_ Foster and Boyd,Grocery Store,"Unit 1730 Box 5566
DPO AA 26190",North Carolfurt,001-862-502-0221x7258
175,Olson Ltd,Catering Service,"45318 Delgado Junctions Apt. 756
Jamesburgh_ IA 92476",Katherinefurt,-1667
176,Allen-Mccullough,Restaurant,"3715 White Gardens Apt. 568
South Sarah_ AK 76176",East John,8921994982
177,Turner-Ramirez,Supermarket,"53362 Woods Viaduct Apt. 059
Ronaldview_ SC 94816",South Nicholasville,679.699.5497
178,Mcbride-Rogers,Catering Service,"4742 Fischer Club Apt. 161
West Carrieview_ WA 33065",Scottchester,820.665.7265x01138
179,Lucas_ Bush and Miller,Supermarket,"4664 Debra Row Apt. 580
Lake Stephen_ TX 87375",North Michelle,3334774489
180,Deleon_ Guzman and Porter,Grocery Store,"94721 Schultz Neck Apt. 864
South Evanland_ WI 88166",South Jeffrey,-8377
181,Black_ Montgomery and Hernandez,Restaurant,"118 Karen Fields
West Angelaport_ GA 22035",Taylormouth,001-763-656-6801x10211
182,Wilson-Ortiz,Grocery Store,"Unit 2603 Box 7875
DPO AP 30589",Port Jeffrey,(345)889-2010
183,Elliott-Stephens,Grocery Store,"240 Brian Circle Apt. 335
Morrowfurt_ KS 49845",South Anne,(416)071-3611x991
184,Norris-Townsend,Grocery Store,"1117 Doyle Locks
West Aaron_ MO 08423",Velazquezview,(630)461-1996x59800
185,Horn_ Johnson and Moore,Restaurant,"886 Tammy Mills
Stevensshire_ VA 03285",Shirleyland,596.993.2969x47891
186,Garner PLC,Grocery Store,"90840 Edgar Light Suite 091
Lake Caseyberg_ IA 64520",Evansmouth,(112)902-8389
187,Collins_ Williams and Fernandez,Catering Service,"947 Sara Heights
North Brandi_ CO 23438",Port Robert,001-950-129-4358x2246
188,Brown Ltd,Catering Service,"3165 Luis Heights
Port Brandonview_ OK 04929",Courtneychester,9776174564
189,Blackwell Ltd,Supermarket,"829 Allen Bridge
West Karenburgh_ ND 61533",Brianside,(604)057-1444x583
190,Elliott-Mcguire,Grocery Store,"447 Haynes Causeway Suite 347
Smithburgh_ WA 40545",Barkerborough,409-311-5468
191,Grant-Davis,Grocery Store,"6946 Shaffer Viaduct Apt. 909
Lisabury_ LA 90232",Lake Jessicamouth,+1-672-949-7621x738
192,Hunter_ Ballard and Caldwell,Catering Service,"60550 Fleming Branch Suite 560
Jessicashire_ UT 62403",Leslieville,001-594-592-2116x9925
193,Chung_ Morris and Craig,Restaurant,"310 Steven Overpass Apt. 402
Paulside_ NM 92478",North Lisaland,001-981-892-0136x674
194,Lambert-Gonzalez,Restaurant,"77389 Flores Fort
Scottchester_ ME 77945",Lake Josephton,001-150-754-9757x0704
195,Williams-Strong,Supermarket,"712 Johnson Squares
Johnburgh_ IN 34833",Justinhaven,935.536.1144
196,Owens-Taylor,Restaurant,"553 Emily Mountains Suite 339
East Mary_ MI 74272",Bartonborough,+1-977-169-9906x1607
197,Dodson and Sons,Restaurant,"390 Ramirez Port
Port Julieton_ LA 28323",New David,642-655-6122x732
198,Bowman LLC,Restaurant,"70033 Katie Walk
South Joshuaport_ NY 57110",Port Karen,(890)877-4218x852
199,Clark_ Evans and Navarro,Catering Service,"1567 Rice Route
Mcbrideton_ SD 00586",Christinamouth,+1-260-408-7633x914
200,Turner-Woods,Supermarket,"413 Abigail Park Suite 737
North Heather_ VA 59882",Bradleyport,+1-498-827-6905x7873
201,Ramirez LLC,Catering Service,"1488 Cook Ports
South Lindsay_ WI 06937",Sandrastad,001-916-437-4521x821
202,Graham-Peters,Supermarket,"72444 Dennis Centers Apt. 058
East Sarahton_ NM 90794",Vazquezshire,+1-491-368-1719x38393
203,Bass-Sellers,Grocery Store,"807 Brewer Highway Suite 080
Christophermouth_ MO 25526",Port Christina,689-429-9060x47456
204,Lyons Inc,Supermarket,"0820 Christopher Dale
Angelamouth_ GA 29905",Lake Lauraton,127.959.5462x8745
205,Thompson Group,Grocery Store,"81499 Baker Valley Suite 876
Wheelerview_ CT 20385",Carlbury,858-115-6375x26624
206,Yoder-Murray,Catering Service,"Unit 6112 Box 2655
DPO AP 68074",Port Emilyburgh,001-593-330-4216x5945
207,Walters_ Jackson and Webster,Grocery Store,"88321 William Glens Apt. 368
New Anthony_ IN 56413",North Ronaldmouth,505-482-7536x693
208,Miller_ Johnson and Fernandez,Restaurant,"228 Kathryn Mountains Suite 986
Cortezmouth_ IA 90538",East Garyton,985.790.0081x8718
209,Hubbard_ Clark and Hicks,Catering Service,"77599 Ruiz Stream
South Brianburgh_ DC 12695",South Cassandra,272-502-0028
210,Jones-Miller,Grocery Store,"8892 Patrick Shoals
Tristanfort_ OH 00576",Paulmouth,028-684-5516x43547
211,Anderson_ Patrick and Scott,Restaurant,"03198 Washington Ferry Suite 086
South Amberside_ GA 92116",Lake James,-6513
212,Dennis_ Parker and Sanchez,Supermarket,"456 Nelson Street
Ericside_ NH 82097",Port Markview,921-065-5873x078
213,Anderson_ Robinson and Phillips,Grocery Store,"687 Bell Knoll Suite 015
West Bryan_ OR 07413",Andersonville,7809531647
214,Kelley PLC,Catering Service,"Unit 3990 Box 8289
DPO AE 64562",Jamesview,942.961.3748x773
215,Simmons Ltd,Grocery Store,"6249 Michelle Islands Apt. 374
West Heather_ VT 67074",New Curtis,(219)975-7084
216,Potter_ Brown and Torres,Supermarket,"54122 Wayne Ville Suite 760
East Kellyview_ OH 61069",Tylerburgh,231-909-9113x65369
217,Williams Ltd,Supermarket,"89168 Fisher Brooks Suite 220
North Kevinville_ TN 96538",Mooremouth,4174921015
218,Aguilar and Sons,Catering Service,"68882 Rebecca Islands
East Virginiamouth_ SD 49728",Lake Chloeshire,(793)316-0706
219,Rivera-Nelson,Supermarket,"141 Ingram Ferry
Carlsonport_ SC 09759",East Stephanie,+1-335-588-5454x314
220,Robinson and Sons,Supermarket,"95830 Watts Isle
Traviston_ WA 96014",West Stephaniemouth,+1-900-879-1636x908
221,Richardson Group,Supermarket,"48378 Morris Pines Apt. 216
Port Williamville_ MD 62944",Walterborough,(924)099-7995
222,Tran_ Douglas and Harvey,Catering Service,"5607 Ernest Summit
South Petertown_ MS 89142",Stephanieberg,(015)911-4687x4992
223,Hodges and Sons,Restaurant,"7970 Robinson Field
Salinaschester_ CT 85213",Longland,504.107.9130
224,Hughes-Jackson,Restaurant,"66899 Johnson Crescent
New Gregoryland_ CO 53101",East Lindsayville,998-292-0906
225,Stevens-Rogers,Grocery Store,"59277 Adam Station
West Justin_ DE 07549",West Kenneth,+1-708-348-4200x729
226,Hart PLC,Grocery Store,"47794 Mccoy Shores
Jacksonfort_ OR 28670",South Thomas,647.576.5079x307
227,Morse-Hoffman,Grocery Store,"677 Jenna Village
Port Rhonda_ OK 56596",Derekport,(440)514-8820x3017
228,Stewart-Soto,Supermarket,"71892 Robinson Common
Harrisfurt_ DC 31479",Andrewsmouth,(828)634-0022x45412
229,Thompson Ltd,Restaurant,"213 Mitchell Port
East Craig_ IA 36277",Gonzalesport,+1-570-095-8264x37944
230,Phelps-Robbins,Grocery Store,"00248 Hamilton Ferry Suite 310
New Larry_ DE 83903",North Melanie,5648556923
231,Jackson-Robinson,Supermarket,"2416 Gray Route Apt. 246
Boydland_ AL 93137",North Tom,001-341-741-8533
232,Snyder_ Caldwell and Campbell,Supermarket,"652 Williams Mount
Jonesstad_ WI 51744",Muellermouth,001-204-401-6159x495
233,Jones-Wu,Restaurant,"PSC 9721_ Box 2253
APO AA 34031",South Morganfurt,744-909-5102x39344
234,Sherman-Baker,Catering Service,"07362 Kimberly Village Suite 643
Andersonton_ VA 24172",New Joel,301.017.1427
235,Gutierrez LLC,Catering Service,"310 Myers Neck
Richardtown_ WA 29671",Gutierrezshire,+1-544-924-8841x926
236,Singleton_ Andrews and Bell,Grocery Store,"431 John Coves
Mariaside_ WA 13977",Jeffreyburgh,(773)180-8829
237,White_ Crawford and Pearson,Supermarket,"4785 Felicia Circle Suite 239
North Melissa_ KY 96802",Frederickside,958.016.7653x7393
238,Decker Group,Grocery Store,"4464 Charles Creek
Sanchezborough_ GA 09107",North Julieburgh,+1-152-318-5664x8137
239,Simpson_ Thomas and Smith,Grocery Store,"204 Charles Viaduct
Perezfurt_ WV 57676",South Bradleyburgh,001-117-114-7043
240,Marshall Ltd,Catering Service,"30050 Christine Square Apt. 097
Kingfort_ KS 26841",Andreaborough,+1-314-339-0357x53136
241,Harper_ Blake and Alexander,Catering Service,"882 Smith Heights
East Cherylborough_ DC 06299",Devinmouth,(144)381-3923
242,Aguilar-Frederick,Restaurant,"6353 Chad Circles
Brewerland_ NM 53897",Michaelport,-8356
243,Davis-Hurley,Catering Service,"687 Sparks Forks
East Patricia_ NC 25546",West Catherine,(172)389-0239x87614
244,Chan-Elliott,Supermarket,"16644 Kelli Spur
Gregoryville_ SC 80630",Toddberg,021-322-3933x46620
245,Williams and Sons,Restaurant,"8921 Juan Ville
New Monicashire_ MD 92426",Lake Heather,+1-279-007-2137x9870
246,Robinson Group,Grocery Store,"212 Kelly Station Apt. 790
North Amandafurt_ MA 37113",East Stephanieview,195-943-0311x0414
247,Shepherd-Yates,Catering Service,"973 Garner Mews
Peggymouth_ MO 33680",Port Aaron,477-819-1257x990
248,Oliver_ Cross and Gilbert,Restaurant,"USS Mcintyre
FPO AA 76857",South Michellechester,001-607-614-4871x9620
249,Davis_ Sanchez and Hernandez,Catering Service,"61204 Christopher Springs
North Kathy_ SD 81291",Johnsonside,452.214.9646x15610
250,Lewis-Peters,Grocery Store,"965 Jesse Course Suite 126
Annabury_ RI 51241",South Jasmineville,864.412.4651x28059
251,Carter-Jones,Restaurant,"26720 Candace Inlet Suite 052
Hendersonton_ MA 30678",East Terrancemouth,892-412-5796
252,Blair LLC,Grocery Store,"084 Alejandro Ports Apt. 820
Sarahton_ LA 54906",Phillipsfort,(213)522-3298x866
253,Gonzales-Keith,Catering Service,"4934 Mitchell Lake
Sharonchester_ NJ 09163",Sharonton,986-491-7149x656
254,Huber Group,Restaurant,"36361 Roger Trail Apt. 099
Ashleybury_ MD 98039",Reidland,001-841-494-8011x4394
255,Chapman_ Barrett and Lopez,Supermarket,"1402 Kimberly Plaza Apt. 787
Katherinetown_ OK 71945",Crystalborough,158-680-9083x1158
256,Hayes Ltd,Grocery Store,"581 Michael Fields Suite 491
East Meganburgh_ TX 89090",North Nicoleport,001-907-009-4281x18158
257,James Group,Supermarket,"27163 Jennifer Roads
Williamsside_ ID 07654",Lake Coryhaven,001-385-215-0963x215
258,Gonzales-Moore,Restaurant,"326 Parker Crescent
South Hailey_ SD 72035",Lake Anthonyport,495-926-2302x026
259,Lewis_ Pierce and Wilson,Restaurant,"2950 Daniel Center Suite 368
Danieltown_ NJ 69910",North Briannabury,001-076-665-0771x26410
260,Rice-Dawson,Grocery Store,"9152 John Roads Apt. 986
Curtiston_ ID 14419",New Samuel,(937)981-7733x90321
261,Lopez_ Davis and Duncan,Grocery Store,"1779 Zachary Island Suite 743
Santosmouth_ IL 00898",South Richardhaven,424-107-9020
262,Bradford-Martinez,Supermarket,"366 Wheeler Fields
Harringtonchester_ WY 86540",New Carol,199.451.0254
263,Lutz_ Smith and Martin,Grocery Store,"8964 Reed Valleys Suite 413
Davidborough_ MA 78474",Chambersfort,+1-643-647-0236x085
264,Holland and Sons,Catering Service,"430 Tyler View Apt. 166
South Katherine_ TX 04269",New Richard,184-401-2586x9344
265,Simmons-Mcdaniel,Catering Service,"237 Jason Trail
East Jacobborough_ VT 07794",New Douglas,175-617-1876
266,Thomas-Carpenter,Grocery Store,"0891 Martin Shore Apt. 596
Mcdonaldstad_ PA 01987",Port Ronaldshire,021.908.0322x164
267,Sherman-Garza,Catering Service,"044 Johnson Brook
Velazquezville_ IA 66365",Port Kevinburgh,(357)159-0029x4117
268,White_ Hutchinson and Williams,Grocery Store,"6135 Michael Extension Apt. 708
Brendaborough_ MN 18905",Nolanmouth,655.056.4788x798
269,Jackson and Sons,Restaurant,"Unit 2891 Box 0702
DPO AP 62264",East Caseyfort,001-749-533-8145x88455
270,Harrison-Wilson,Catering Service,"904 Christopher Station
Lake Patriciaborough_ AR 56947",Cunninghambury,269.475.2515
271,Barrera_ Jenkins and Boyd,Restaurant,"0939 Meyer Wells
Lake Jeanne_ PA 23420",New Jeremyberg,(912)706-8422x13941
272,Holland_ Parks and Scott,Supermarket,"031 Sydney Freeway
Cynthiaton_ PA 51451",Lake Christinaborough,+1-260-583-9227x932
273,Hammond LLC,Supermarket,"7396 Patrick Row
East Roy_ UT 18983",New Carol,001-324-482-4894
274,Shields-Moore,Supermarket,"922 Bailey Overpass Suite 885
New William_ VA 50509",New Dawnborough,9332911651
275,Floyd_ Jones and Alvarado,Supermarket,"55399 Bullock Cove Apt. 326
East Latoya_ KY 21621",Brittanyport,106.317.0700x02344
276,Hodge-Leblanc,Supermarket,"2243 John Squares
Johnburgh_ TX 33271",Port Eric,3692481031
277,Ramos and Sons,Catering Service,"6378 Kendra Greens
East Jacob_ IN 59852",West Aliciabury,5918690343
278,Edwards-Ryan,Restaurant,"259 Valerie Pike Apt. 290
Coffeychester_ WV 02293",Beasleyhaven,2659382103
279,Greene_ Wood and Hernandez,Restaurant,"69618 Jacob Stravenue
South Jacobton_ OH 42099",Garciaport,238.551.4657
280,Peck_ George and Klein,Supermarket,"481 Bowman Isle
Michaelbury_ CO 60876",Coopermouth,7482492553
281,Davis Inc,Grocery Store,"83459 Allen Causeway Suite 409
Olsonborough_ GA 85285",Lake Nicolebury,432-172-5411x1981
282,Baker_ Gardner and Callahan,Supermarket,"18439 Amanda Field Apt. 333
Mccartymouth_ MO 88867",Port Gregton,520-919-5240
283,Russell-Graham,Supermarket,"7757 Roy Mountain
Port Emily_ KS 36318",Andrewstad,197-361-9121x02684
284,Cruz Inc,Supermarket,"96242 Luis Mill
South Jeffrey_ PA 65606",North Julieburgh,242.471.4335
285,Sanchez-Fisher,Restaurant,"77514 Todd Creek Apt. 870
East Ashley_ ND 47642",West Corey,971.803.6233x098
286,Watson-West,Restaurant,"864 Martinez Valleys Apt. 859
Byrdland_ OH 05345",Williamschester,-9486
287,Carr-Wells,Catering Service,"202 Castillo Course Suite 667
New Joshua_ OK 47311",Jefferyside,(535)017-9013x9281
288,Carlson-Mathis,Supermarket,"98491 Matthews Mall
Lake Juantown_ NY 51580",Maynardstad,518.257.3189x434
289,Jenkins-Carpenter,Supermarket,"9447 Dixon Orchard
Port Jacob_ DE 27747",Toddstad,1448122181
290,Webb_ Phillips and Garcia,Supermarket,"09931 Snyder Station Apt. 218
Ritterborough_ IL 82418",Bradleyport,001-401-943-3400
291,Bass-Gay,Grocery Store,"USCGC Perez
FPO AP 05466",West Margaretfort,064.805.9663
292,Lopez-Duffy,Supermarket,"PSC 0689_ Box 6828
APO AP 21295",Mooneybury,048.373.4973x79978
293,Ibarra and Sons,Catering Service,"Unit 2034 Box 3584
DPO AE 66830",Joneshaven,855-385-3050x223
294,Fitzgerald Group,Grocery Store,"3303 Smith Gardens Suite 639
Jonesberg_ WY 23098",South Kendra,048-163-0381x7780
295,Patterson_ Harris and Kelly,Restaurant,"887 Martinez Spurs
Thorntonshire_ WV 04210",Meghanfurt,8457019148
296,Martin PLC,Grocery Store,"3517 Dalton Pike Apt. 053
Meghanside_ MT 10430",Port Linda,001-672-728-8347x500
297,Butler-Cook,Grocery Store,"561 Schmidt Estate
Robertsonton_ OK 26803",Markberg,+1-209-476-5112x24812
298,Mills_ Osborne and Dickson,Restaurant,"05338 Karina Village
Boyerfurt_ TX 92321",New Steven,1800451358
299,Riley PLC,Supermarket,"4036 Scott Course Apt. 174
New Elizabeth_ SD 35504",Robertton,643-573-2130
300,Clarke-Farley,Supermarket,"9050 Jacob Cape
East Donaldfurt_ NY 58115",Lake Michaelview,(953)723-2621x740
301,Smith_ Glover and Mcintyre,Supermarket,"183 Jessica Island Suite 755
Rebeccafurt_ ID 61131",East Laurashire,(502)012-9123x94085
302,Robertson PLC,Grocery Store,"23699 Garcia Villages Suite 124
South Williamhaven_ MT 23890",South Tammy,100-131-6521
303,Wright Ltd,Catering Service,"PSC 7619_ Box 8525
APO AE 61072",Tammystad,062.226.1859x3237
304,Douglas-Colon,Catering Service,"30465 Latoya Haven
Hartville_ NC 48753",Port Marcland,439.020.2351
305,Wolfe_ Garner and Jones,Grocery Store,"88370 Harris Lock Apt. 882
South Catherine_ DE 56707",Fullerborough,(373)758-7748x038
306,Evans_ Wright and Mitchell,Catering Service,"73725 Anthony Way Apt. 971
West Pamela_ OH 61366",North Keith,001-726-568-9224
307,Gonzalez-Parrish,Catering Service,"600 Sanchez Meadow
Jessicaview_ KY 72375",Heathborough,164.336.2362x38847
308,Doyle LLC,Catering Service,"8157 Tammy Road
West Stephenchester_ NC 16381",Brittanyside,312154595
309,Bell_ Davis and Hickman,Catering Service,"4454 Jackson Plaza Apt. 447
Thomasburgh_ CT 44776",Ambertown,+1-754-517-2435x37063
310,Sullivan_ Thornton and Peterson,Grocery Store,"1679 John Court
Katherineberg_ ID 45885",Saraburgh,(688)116-5399
311,Fleming Ltd,Grocery Store,"080 Powell Rapid
South John_ CO 90063",West Amanda,(646)465-3368x3676
312,Garcia-Hunter,Restaurant,"019 Amy Station
South Daniel_ MD 51890",North Ianbury,150-729-4411
313,Maldonado-Davis,Supermarket,"51547 Desiree Cape Suite 175
Port Benjaminfurt_ RI 95290",Boylechester,9538261424
314,Wright-Mcclure,Restaurant,"569 Laurie Lake
Lake Erikview_ WY 06966",Rodriguezfurt,+1-982-494-3609x2407
315,Nelson LLC,Restaurant,"773 Frazier Ranch
Kellerbury_ GA 32205",Lake Andrewmouth,+1-859-029-3911x34890
316,Johnson Group,Supermarket,"0019 Gray Trafficway
North Sara_ NC 74122",Williamsfort,(007)484-4365x34610
317,Parker_ Jordan and Thompson,Grocery Store,"536 Steven Isle
Boyleborough_ MA 13719",South Brandiberg,+1-616-367-6583x630
318,Briggs-Stewart,Catering Service,"86658 Rachael Drive
Port Jennifer_ MO 54683",Martinezfort,(398)927-0621
319,Davila_ Green and Avila,Restaurant,"28646 Tiffany Meadow Apt. 469
Lyonshaven_ IA 48088",Lake Amymouth,2386104312
320,Shah Group,Supermarket,"1654 Singh Roads
Paynehaven_ RI 22772",Lake Jeffreytown,953-840-3880
321,Williams-Boyle,Restaurant,"09025 Callahan Club
Ramosport_ WY 36155",North Edwinchester,633-782-3532x46627
322,Mayo PLC,Catering Service,"15094 Kennedy Highway Suite 900
South Michael_ MT 31746",Mckinneymouth,646-258-2814
323,Peters-Johnson,Restaurant,"6383 Gomez Islands
Sanchezport_ IA 35229",Jasmineberg,106.150.3989x9566
324,Roberts Group,Grocery Store,"160 Sheri Course
Mossfurt_ MO 13285",East Elizabeth,043-467-7558x957
325,Allen and Sons,Supermarket,"17628 David Plain Suite 137
Port Michaelton_ AZ 66272",West Tammy,370-552-5469x768
326,Bender_ Jordan and Bennett,Supermarket,"635 Herrera Trafficway
Huynhside_ CT 11395",Lake Alicia,001-194-509-7599x83421
327,Miller_ Conner and Clark,Restaurant,"4464 Shaun Plain Suite 161
Sandraview_ TN 76190",Villaborough,+1-075-795-2419x75821
328,Walker_ Brennan and Townsend,Grocery Store,"Unit 9379 Box 7124
DPO AP 65325",Port Rubenville,(194)900-2168
329,Davidson Group,Restaurant,"1894 Harvey Pike Apt. 102
Davisfort_ NE 43626",Port Lauraville,-8804
330,Holloway-Koch,Restaurant,"2889 Jorge Fields
South Thomasland_ AR 38794",Jamesport,323.974.7052
331,Edwards_ Johnson and Cross,Catering Service,"5969 Burke Ridges
North Kevinborough_ MT 75005",South Jeffreyburgh,869-227-8515x888
332,Cox LLC,Restaurant,"406 Lucero Mountain Apt. 736
Mollyport_ RI 14316",West Whitneymouth,001-018-140-2068x875
333,Herrera_ Fritz and Banks,Restaurant,"USCGC Adams
FPO AP 17515",Port Heidiland,(057)146-9859x95415
334,Cox-Mcintyre,Grocery Store,"85337 King Junction Suite 272
East Nicoleshire_ ID 63161",South Jillshire,(422)450-8076
335,Newman_ Pearson and Mccarthy,Grocery Store,"4719 Darryl Isle
New Rebecca_ GA 13003",North Gary,905.549.7068
336,Mckinney LLC,Supermarket,"52072 Rhonda Flats
Lake Brandon_ VA 43437",East Sandra,(338)059-6636x909
337,Hogan-Oliver,Restaurant,"03856 Garcia Course Suite 618
New Patriciamouth_ DC 05462",New Ricky,001-484-018-9255x90683
338,Ibarra LLC,Catering Service,"064 Andrea Land Suite 946
Lake Melody_ ME 49581",Adambury,6703380260
339,Palmer and Sons,Restaurant,"4079 Kathleen Tunnel
Lisastad_ NE 35010",South Thomas,-4949
340,Barry_ Powers and White,Grocery Store,"1145 Justin Light
Richardside_ CT 45760",Murrayborough,(023)817-1166
341,Jenkins-Carrillo,Grocery Store,"656 Denise Spurs Suite 112
Joshuaborough_ NY 66307",Lake Ryanbury,025.332.6781x596
342,Smith Inc,Catering Service,"00691 Joseph Parks
Matthewville_ CO 02023",Matthewbury,-5420
343,Harris_ Perez and Willis,Catering Service,"549 Moody Road Suite 873
Jacobshire_ VT 80966",South Christopherborough,581-281-6112
344,Mcmillan_ Gallegos and Perry,Catering Service,"4963 Decker Loop Apt. 710
West Karen_ MO 17141",North Nicholas,247-797-3341x5155
345,Mitchell-Watson,Catering Service,"2215 Jacob Valleys Suite 115
Garcialand_ SC 12573",North Tracy,001-366-677-9015
346,Phillips_ Wolfe and Martin,Grocery Store,"Unit 1376 Box 6294
DPO AE 62072",Thomasville,001-548-413-4962
347,Hood_ Hoffman and Wright,Supermarket,"783 Gonzales Valleys Apt. 115
Alexandrialand_ NH 52248",Louismouth,992.697.3906x31622
348,May and Sons,Restaurant,"76603 Heather View Apt. 463
East Maureenberg_ MI 77494",West Ashleytown,214.577.9133
349,Walker_ Wong and Norris,Supermarket,"6246 Smith Drives Suite 621
Jamesfurt_ CO 01830",Valenzuelaville,(955)670-0410
350,Scott_ Johnson and Villa,Restaurant,"265 Williams Canyon Suite 869
Port Joseph_ AR 44255",Port Dustin,001-144-195-6495x72650
351,Berry-Mack,Grocery Store,"188 Tamara Crossroad
Lake Melissa_ FL 63621",South Stefanietown,(769)872-1659
352,Strickland LLC,Grocery Store,"2522 Marissa Brook Suite 849
Andersonberg_ IL 05110",Lake Kyle,(872)958-7902
353,Rose-Pearson,Grocery Store,"48119 Luna Villages
Cherylfurt_ HI 56512",North Aaron,735.520.0971x89331
354,Rowe-Arias,Catering Service,"8041 Joseph Shoal Suite 878
North Robertfurt_ KY 43667",South Alicia,090-649-4737
355,Bowman LLC,Restaurant,"64024 Hunter Plaza Apt. 997
Grantstad_ NM 06478",Port Patrick,039-263-2786x611
356,Espinoza PLC,Supermarket,"410 White Heights
North Todd_ ID 25520",West Michael,(410)539-3296
357,Carey PLC,Supermarket,"77230 Nicole Row Suite 887
East Joshua_ KS 15916",Donnaborough,001-734-038-0600x959
358,Cole-Ochoa,Restaurant,"832 Richards Lakes Suite 950
Adambury_ MS 43653",South Crystalberg,001-392-997-5127x129
359,Gonzalez_ Tapia and Stewart,Catering Service,"USS Jacobson
FPO AE 77920",North Ashley,206-007-4668
360,Clay LLC,Catering Service,"58290 Keith Hills
West Danielle_ UT 38692",Butlerview,004.834.6521x6955
361,Fleming Group,Supermarket,"491 Stafford Harbors Apt. 774
Reyesburgh_ ID 82774",East Lauren,218.201.2221
362,Snyder-Gordon,Grocery Store,"952 Browning Port Apt. 921
Sarahhaven_ UT 94085",Anthonychester,134-622-9488
363,Henry-Terry,Catering Service,"94883 Silva Plaza Apt. 966
North Ericborough_ WY 57244",East Brittanyland,(205)168-6653
364,Reid Ltd,Grocery Store,"94855 Gardner Union Suite 670
Lake Diana_ OK 96757",Lake Ethanview,-4386
365,Bray_ Nguyen and Christensen,Restaurant,"27009 Sheri Forges
Heidiview_ AK 10251",West Robert,589.913.5215x7984
366,Harrell-Hanson,Restaurant,"660 Anthony Canyon Suite 057
Arnoldchester_ MA 72162",Devinton,4957265323
367,Patel and Sons,Grocery Store,"7364 Green Wall Suite 340
Fisherbury_ VA 78253",Deckermouth,+1-731-068-2964x54440
368,Smith-Villegas,Grocery Store,"5916 Craig Courts
New Kevinfurt_ MS 57479",North Lindseychester,001-467-901-7553
369,Weeks_ Wood and Sharp,Catering Service,"4812 Paul Plaza
North Amanda_ WI 89597",Brownton,(200)440-3875
370,Cox-Richmond,Supermarket,"USNS Ingram
FPO AA 14461",Williamsland,-9920
371,Montgomery_ Dominguez and Hopkins,Grocery Store,"565 Davis Shoals
New James_ ND 98971",Solisburgh,575.394.8230x121
372,Elliott-Jones,Restaurant,"Unit 8546 Box 6518
DPO AE 36672",Lewisberg,690.272.6499
373,Avila Group,Grocery Store,"099 Rodriguez Creek
Ronaldport_ RI 02598",Aprilberg,001-835-594-3012x252
374,Pollard_ Yoder and Martin,Grocery Store,"3352 Willis Junctions Apt. 432
Lake Pamelaborough_ NV 36555",Steeleport,731-612-0267x787
375,Anderson-Stevens,Supermarket,"82308 Richard Mall Apt. 824
Joshuafurt_ UT 33812",New Ryanbury,160-803-0342x27712
376,Wilkins-Boyle,Catering Service,"907 Shawn Lakes Apt. 626
West Benjaminton_ AK 55564",Lake Sarah,352-462-9637x24350
377,Cooper-Gill,Catering Service,"94711 Tracy Court Apt. 437
Tammyborough_ ME 89430",West Omar,+1-161-221-8545x570
378,Foster Ltd,Supermarket,"5394 Laura Cliffs
East Angela_ NH 01271",South Johnshire,7045041352
379,Payne-Pena,Supermarket,"6560 Jesse Brooks Suite 699
North Rebeccafort_ ID 49869",Millerstad,(370)216-0851
380,Nelson PLC,Restaurant,"USNS Walker
FPO AE 02837",Lake Christophermouth,(302)042-7352
381,Cruz_ Lee and Fernandez,Supermarket,"659 Janice Land Apt. 415
Christopherburgh_ CT 46250",Martinville,973-312-0803
382,Bruce_ Lewis and Anderson,Restaurant,"587 Julie Oval Apt. 908
South Elizabethbury_ IA 98406",Ritterburgh,-7360
383,Hines-Rangel,Supermarket,"595 Walker Islands
Casetown_ UT 11286",Barryside,2330894330
384,Rogers-Warren,Grocery Store,"408 Katelyn Bridge
Dayshire_ LA 95554",Jamesfurt,001-439-195-6960
385,Fitzpatrick and Sons,Catering Service,"492 Wright Wells Apt. 328
West Charles_ WI 51630",New Tammyland,+1-011-366-8942x777
386,Miranda Ltd,Grocery Store,"71888 Peterson Gardens Suite 750
Port Susan_ SD 20635",Wheelermouth,490-189-7305x43330
387,Barrera-Ward,Grocery Store,"55591 Eric Corners Apt. 955
Riveraburgh_ NJ 52897",West Juliabury,958.242.0037
388,Rivera Ltd,Supermarket,"2319 Wong Station Apt. 425
Morrisonbury_ KY 44766",Manuelhaven,-7062
389,Hunt-Lee,Grocery Store,"1004 Michael Mission
East Kenneth_ NY 07626",Davidborough,001-681-802-0601x91223
390,Case_ Anderson and Morris,Catering Service,"6712 Rojas Inlet Suite 958
Schmidtbury_ ME 51653",Taylorfort,732-582-4147x6156
391,Lambert Ltd,Supermarket,"10860 Jones Fields
North Nicholasmouth_ MI 89187",South Jerryside,351.542.5864x527
392,Williams PLC,Restaurant,"4260 Emily Extensions
Pinedafort_ IN 16450",Lake Jefferyborough,544.339.0699x37985
393,Steele Ltd,Restaurant,"79988 Laura Motorway Suite 853
West Kennethfort_ NV 88945",Heatherview,001-300-000-8103x26863
394,Davis PLC,Catering Service,"PSC 0380_ Box 0806
APO AE 90542",Port Glendastad,001-336-175-1470x894
395,Andrade Inc,Grocery Store,"41963 Woods Skyway
Joanneside_ KY 56457",West Erinport,4816317562
396,Chase-Gross,Catering Service,"950 Nicole Burg Suite 178
Donnamouth_ AL 08654",Heatherside,(041)493-1650
397,Alexander PLC,Catering Service,"467 Heather Trail Apt. 416
Smithstad_ SD 08586",Arnoldmouth,347-730-0183x269
398,Brown LLC,Supermarket,"013 Cook Spring
Bradleyborough_ CA 82476",Jasminechester,(155)397-5919x994
399,Torres_ Marshall and Williams,Grocery Store,"917 Melanie Via Suite 259
Alexanderfort_ UT 16154",North Alison,001-504-903-6137
400,Leach-Alvarado,Restaurant,"9446 Camacho Groves Suite 847
South Tony_ MD 46082",Collinston,793-471-7134x359
401,Perez-Howe,Restaurant,"7844 Ross Via Apt. 392
North James_ SC 30883",Randallville,001-947-698-1631x56761
402,Butler-Anderson,Grocery Store,"927 Edward Stream Apt. 658
Port Melissaport_ ME 18030",West Christopher,593.024.1356
403,Bradley-Smith,Grocery Store,"870 Contreras Brook
Laurashire_ CT 25941",Jeremiahfort,840-107-5994
404,Schmidt Ltd,Restaurant,"8891 Colleen Lodge
New Kristenstad_ VT 55046",Brownchester,3466470514
405,Mills_ Smith and Martin,Supermarket,"04051 Murray Forge Suite 530
Seanmouth_ MN 69922",Kevinfort,(202)949-6624
406,Hernandez_ Rodriguez and Tanner,Restaurant,"878 Wall Course Apt. 546
Lake Davidtown_ RI 22137",Davisshire,464-623-1310
407,Douglas and Sons,Restaurant,"6331 Kathleen Hill Apt. 153
Johntown_ ND 42493",North Charlesside,(883)611-4618x987
408,Thompson-Ortiz,Supermarket,"389 Everett Camp Apt. 540
Wongfort_ MA 92301",Riceshire,5027424022
409,Ayala LLC,Grocery Store,"PSC 6395_ Box 4259
APO AE 55285",East Roberthaven,714.879.6195x1367
410,Byrd-Mitchell,Catering Service,"336 Mclaughlin Drives
New Rachel_ OK 37858",Thomasfurt,454.722.9408
411,Hernandez-Todd,Catering Service,"2686 Delacruz Burgs
Alyssaburgh_ WY 28602",East Darrell,280-061-2048
412,Farmer-Gilbert,Grocery Store,"73098 Charles Harbor Suite 608
Welchbury_ WY 30443",Robertland,(375)215-6908
413,Davis_ Bowen and Miller,Catering Service,"418 Adam Mission Suite 750
Jessicaville_ OR 26759",North Mike,9207424674
414,Gonzales Group,Supermarket,"9183 Robert Mill Suite 331
Curtisview_ MI 18328",New Matthew,+1-790-667-8198x9396
415,Thomas and Sons,Supermarket,"58989 Matthew Isle
Port Michaelview_ AZ 51434",Christopherchester,397863480
416,Cohen LLC,Supermarket,"Unit 8432 Box 4483
DPO AA 07457",East Anthony,505-968-5997x50685
417,Glover_ Wilson and Hudson,Restaurant,"3045 Joshua Fall Suite 109
Khanshire_ AL 47705",East Ashleyshire,(315)080-3138
418,Schwartz_ Odonnell and Padilla,Restaurant,"23011 Barnett Falls Apt. 524
West Cameron_ WY 52614",Deborahfurt,955-658-8107x92494
419,Hanson_ Wilkerson and Lee,Supermarket,"948 Evans Green
Lake Carol_ GA 38897",Port Peter,759.535.5451
420,Snyder Ltd,Catering Service,"04976 Harris River Apt. 880
Josephland_ CT 42183",Anthonyton,805-601-1161x98115
421,Glass Inc,Supermarket,"USNS Mayer
FPO AA 41836",Kylehaven,297.322.1309x74402
422,Wilson-Cook,Catering Service,"005 Steven Club Suite 180
Robertston_ CA 27213",Smithfort,276-435-4585x5485
423,Serrano-Lopez,Restaurant,"312 Hodge Center
West Stevenshire_ KS 70989",South Justinborough,(225)688-7752x0658
424,Hart Ltd,Grocery Store,"0749 Bowman Turnpike
South Victoria_ WA 89713",Richton,001-990-952-7428x406
425,Rose-Tucker,Restaurant,"40207 Martin Stream Apt. 277
West Thomasside_ IL 10256",Lake Alexis,(986)020-7916x11966
426,Cook-Rodriguez,Catering Service,"06893 Sutton Meadows
West Janet_ NM 26129",Taylorchester,718-514-8646x3588
427,Porter-Clark,Grocery Store,"7685 Derek Mountains Apt. 112
East Donald_ NV 08951",East Amymouth,(857)416-7459
428,Castillo_ Nichols and Miller,Restaurant,"3500 Anderson Tunnel
South Jacqueline_ TX 94101",Alexanderstad,084-323-1485
429,Olson_ Johnson and Figueroa,Grocery Store,"99198 Lisa Ranch Suite 190
New Arianaton_ CT 16571",Lake Benjamin,001-990-205-7079x72906
430,Peterson_ Davis and Serrano,Catering Service,"3793 Jones Inlet Apt. 560
Amymouth_ VA 40417",West Thomas,4838442985
431,Barry-Bell,Grocery Store,"6963 Roberts Street Suite 944
Ramirezside_ ME 50685",West Jeffreyland,+1-188-325-8079x554
432,Meyer and Sons,Restaurant,"08209 Eaton Streets Apt. 968
South Laurenside_ RI 88383",Carolchester,001-738-662-6338
433,Morris and Sons,Grocery Store,"4573 Velasquez Brooks Suite 077
New Eric_ MS 48382",Anthonyfort,4451031863
434,Kennedy-Johnston,Restaurant,"72862 Matthew Prairie Apt. 637
Reidland_ CA 77085",Nicoletown,(669)695-7079x59486
435,Davies_ Salas and Clark,Restaurant,"USNV Gonzalez
FPO AE 52004",Port Leahfurt,779-969-0977
436,Brown and Sons,Restaurant,"87132 Holland Hollow
Mirandamouth_ IA 28722",North Christina,200.655.1498x63749
437,Carlson-Gray,Catering Service,"235 Carroll Ways
Kaiserfort_ AZ 12910",Lake Michaelchester,001-917-927-6401x030
438,Ortega Inc,Catering Service,"9849 Newton Stravenue
Port Andrew_ LA 24512",Contrerasberg,399-519-7057x713
439,Porter_ Sanchez and Fisher,Restaurant,"02064 Carl Drive Apt. 966
Gonzalesville_ NJ 58251",Bradleyview,130.001.1415
440,Martinez-Graham,Grocery Store,"002 Jessica Pine Suite 278
Davidville_ NE 33218",Elliottberg,001-974-692-9262x419
441,Flores-Pope,Supermarket,"595 Smith Bridge
East Kathybury_ HI 61275",Chadview,001-318-564-6161x5712
442,Bell Inc,Catering Service,"557 Richard Flat
West Willie_ MN 30891",South Sarahville,703-343-4632
443,Strickland_ Sims and Gray,Restaurant,"USNV Peterson
FPO AA 78656",New Crystal,311-338-5086
444,King_ Schneider and Banks,Restaurant,"4903 Hayes Neck
South William_ VA 09048",New Billy,+1-965-260-6135x55791
445,Waller-Nguyen,Grocery Store,"324 Jones Drives Apt. 874
Chungland_ SC 74447",Danaville,150.181.0420
446,Nichols-Barnes,Catering Service,"PSC 0287_ Box 6878
APO AP 95472",Port Richardshire,507-731-3315
447,Smith Group,Supermarket,"PSC 0438_ Box 0878
APO AE 55216",Lake Lindsay,(876)479-0500
448,Barton Group,Restaurant,"535 Taylor Ford Suite 086
Marystad_ ID 13421",North Paulstad,(382)167-2183x377
449,Roberts_ Griffith and Clark,Catering Service,"585 Megan Crossroad
Kennethside_ NJ 77196",Robertsonfort,001-103-215-0810x47791
450,Gibson and Sons,Catering Service,"0835 Franco Common
East Martha_ SD 01753",Grahamside,(804)688-7617
451,Hale Ltd,Grocery Store,"0804 Adkins Valley Apt. 988
North Alvin_ MT 64482",Morganside,6627988559
452,Roberson_ Marquez and Mcdowell,Supermarket,"763 Lewis Springs Apt. 567
Stevenberg_ DC 99917",New Erica,001-664-180-0480x4998
453,Moore LLC,Grocery Store,"316 Clark Throughway Suite 810
Port John_ ND 69257",East Timothy,(305)756-5998x6969
454,Cruz_ Branch and Pierce,Grocery Store,"Unit 0162 Box 8564
DPO AA 55163",South Lisabury,000.621.1526
455,Rios Group,Catering Service,"58472 Snyder Squares
Port Zacharyton_ CT 67515",Madisonfort,003-727-0894x163
456,Simmons PLC,Grocery Store,"7157 Denise Estate Suite 437
Paulland_ AR 99422",North Katelyn,(272)507-6150
457,Smith-Rodriguez,Restaurant,"90439 Henderson Common Suite 037
West Paulport_ AL 92938",South Linda,-6968
458,Smith Inc,Grocery Store,"23176 Moore Viaduct Apt. 227
South Racheltown_ AR 68895",New Robertland,(260)635-1016
459,Brown Ltd,Supermarket,"8358 Randy Mission
Markmouth_ SC 03456",Castilloport,164.699.6716
460,Gutierrez_ Anthony and Shannon,Grocery Store,"6787 Jamie Fords Suite 103
Wademouth_ IL 18159",Lake Justin,2924416283
461,Murray Inc,Restaurant,"9576 Johnson Course
Farrellport_ IN 73821",New Hannah,291.605.6162
462,Sanders-Hutchinson,Restaurant,"USNS Wade
FPO AA 18533",Port Lauriechester,001-460-802-8118x0406
463,Carey-Ramos,Grocery Store,"6431 Kelly Brooks
West Stephaniemouth_ NV 75536",East Edwinburgh,178-837-6236x9304
464,Barber Ltd,Catering Service,"9428 Garcia Loop Apt. 919
Amberfurt_ KY 73455",Port Jacob,001-045-508-9337x308
465,Terry Inc,Restaurant,"447 Peterson Shore
Ramirezchester_ VA 69602",Johnton,280-723-4101x315
466,Huerta PLC,Restaurant,"6435 Moore Glens Apt. 887
South Nicoleburgh_ CT 31272",Lake Brendaland,001-914-311-6419
467,Wilson_ Watkins and Moore,Catering Service,"57044 Fisher Valley
Parkerland_ ID 82897",Phillipsfort,782.944.0904
468,Alexander-Mendoza,Supermarket,"08769 Colleen Mount Apt. 218
Torresberg_ TN 59083",East Johnburgh,596.249.3643x159
469,Sanchez_ Mendez and Hill,Supermarket,"03470 Cooke Cape Apt. 822
South Michellemouth_ MO 20350",Port Pamelaport,+1-371-882-7467x781
470,Bishop_ Martinez and Robinson,Restaurant,"0139 Cox Unions
New Ryan_ ID 34556",Port Daniellechester,001-071-886-3052x2779
471,Allen_ Ramsey and Cortez,Grocery Store,"480 Bruce Run
Dennischester_ CO 85895",Charlesmouth,594.468.5130
472,Roach-Wheeler,Restaurant,"8571 Tonya Viaduct
East Pamelafurt_ NM 42162",Rebeccaburgh,001-215-175-9576x5678
473,Fields_ Bell and Ferguson,Supermarket,"774 Smith Ridges Suite 425
Davidsonshire_ TX 01449",Ashleyton,431-737-8806x5808
474,Gonzalez Inc,Catering Service,"0269 Sanchez Fields
Alexanderfurt_ AL 45894",South Nicole,679-305-8392
475,Henderson Group,Catering Service,"655 Mallory Fork
North Mary_ WY 23835",Bentonfurt,854-929-8365
476,Leon and Sons,Catering Service,"63135 Sonia Stravenue
Chungstad_ MI 04689",Port Jerome,+1-210-177-5545x47003
477,Alvarado LLC,Supermarket,"48690 Boyle Plaza Suite 271
North Briantown_ AK 84478",East Jacobchester,5915828492
478,Lopez_ Roach and Roach,Catering Service,"8319 Brandi Place Suite 155
Jamesbury_ NC 87170",Lake Regina,001-785-448-3246x762
479,Lopez-Gonzalez,Restaurant,"PSC 7602_ Box 7270
APO AP 99047",Hamiltontown,(563)896-5959
480,Brooks-Mccarty,Catering Service,"8686 Thomas Union
East Leonmouth_ CO 18252",East Kevin,(297)995-3926
481,Madden_ Burke and Norris,Restaurant,"42593 Acosta Plain
New Molly_ NC 37742",Owenschester,+1-237-950-6012x5247
482,Turner-Bell,Restaurant,"413 Chapman Locks Suite 792
Port Brucetown_ HI 04419",Suzanneport,001-145-904-7946
483,Bates-Johnson,Catering Service,"89427 Jennings Station
South Donald_ ID 37797",Millerview,001-721-708-9864x7257
484,Nelson-White,Restaurant,"413 Atkinson Lodge
South Michael_ WY 43133",North Douglasfurt,001-558-380-9342x873
485,Baker-Mcdonald,Restaurant,"290 Bowen Loaf Apt. 261
Gordonshire_ ME 35368",East Andrea,933.503.6294x194
486,Murray_ Fisher and Johnson,Grocery Store,"6181 Ortiz Lane
Joefort_ NM 41365",Bridgetside,099-729-5682x02308
487,Frazier Inc,Supermarket,"2265 Luke Streets
South Emily_ DE 29085",West Peterborough,001-577-052-9311x74815
488,Cordova-Hernandez,Restaurant,"USNS Joyce
FPO AA 64112",Stewartfurt,001-379-599-8238
489,Kelley-Brown,Catering Service,"85392 Jackson Plain
North Carrie_ IL 86562",Port Erinton,405.865.9814
490,Johnston_ Shelton and Sellers,Restaurant,"76976 Myers Spurs Suite 680
West Katieville_ NY 87868",Christianfurt,001-716-089-5283x110
491,Wilkerson-Woods,Supermarket,"51520 Deborah Views Apt. 001
Moranbury_ VT 92348",Samanthabury,3597678978
492,Alexander Inc,Restaurant,"76163 William Stravenue Apt. 727
West Pamela_ MO 11674",North Stephanieville,001-571-446-5989x8076
493,Curtis Ltd,Supermarket,"USS Molina
FPO AA 14062",New Robert,126.286.0156
494,Anderson_ Adams and Roberts,Supermarket,"Unit 8792 Box 5188
DPO AP 55807",New Denise,+1-941-120-2190x554
495,Barker_ Gibbs and Lopez,Supermarket,"518 Francis Estates Apt. 955
Gonzalezhaven_ DE 36339",Brownshire,8977010648
496,Young-Jackson,Catering Service,"4444 Sharp Hollow
Timothymouth_ AR 56543",West Daniel,011.721.1555x539
497,Sparks-Berry,Catering Service,"72131 Walter Radial Suite 498
Port David_ ND 60911",Chelseyfort,867.938.9153x710
498,Jones_ Ortega and Rubio,Grocery Store,"61516 Villarreal Lights
South Ashleymouth_ OH 60424",East Craig,(993)551-7736x1457
499,Blankenship-Lewis,Catering Service,"883 Lee Alley
East Robertview_ MI 64109",Jonathanstad,651-552-2403
500,Harris Group,Catering Service,"230 Brown Courts
West Cory_ TX 94355",Levytown,001-077-563-1726x39015
501,Davis-Kennedy,Grocery Store,"609 Jackson Cliffs
Lake Johnside_ ID 47134",Jordanhaven,598-048-5675
502,Mcdaniel-Bates,Supermarket,"2198 Alexis Passage Apt. 287
Sylviaville_ MN 08405",Liberg,(398)855-7507x166
503,Abbott-Robinson,Restaurant,"PSC 1306_ Box 2371
APO AA 44403",Joseville,449-700-6900x46176
504,Small Ltd,Catering Service,"85125 Deanna Garden
New Sherry_ IL 97694",Gaineschester,1943075475
505,Sutton_ Day and Brooks,Restaurant,"PSC 0203_ Box 6449
APO AA 03081",Chelseaside,-8571
506,Davis-Glenn,Catering Service,"94687 Debra Motorway Suite 487
Steinport_ OK 46407",Tylerton,519-068-6168
507,Rojas-Cook,Grocery Store,"397 Ruth Track
South Alyssa_ NE 98089",Lake Diane,+1-019-312-8887x18286
508,Goodwin_ Acosta and Chan,Restaurant,"81662 Lawrence Mountains Apt. 545
Sarahstad_ ND 47525",Walkerfurt,001-076-856-9568x65782
509,Roth-Mathews,Grocery Store,"Unit 2793 Box 6632
DPO AP 04112",Cordovaborough,(032)688-9162
510,Lozano-Miller,Restaurant,"590 Michelle Brooks Apt. 406
Danielburgh_ TN 15283",Adamsview,001-281-026-8022
511,Mitchell PLC,Grocery Store,"1968 Todd Via Apt. 855
South Melissa_ MN 02718",Port Davidshire,001-534-826-6584
512,Taylor-Lyons,Grocery Store,"816 Jackson Union
West Matthew_ NM 60621",Port Timothystad,001-846-553-1363
513,Cruz_ Murphy and Santos,Catering Service,"7859 Derek Center Apt. 703
Lake Yvonne_ AR 23556",West Larry,001-070-676-6757
514,Roy-Hancock,Supermarket,"203 Dawn Ridge
Loganshire_ SC 01665",Maxwellburgh,(186)046-9157
515,Bowers_ Gonzalez and Simmons,Restaurant,"096 Jonathan Unions Suite 804
South Angelaburgh_ NM 97882",Snyderton,+1-401-191-5365x80259
516,Raymond_ Kelly and Yates,Catering Service,"8919 Natasha Tunnel
Jacksonburgh_ MO 07674",New Aaronberg,(590)421-4384
517,Porter Inc,Grocery Store,"459 Allen Valleys
Hoside_ WV 99671",Wadeville,888.141.3309x17466
518,Hill_ Davis and Stewart,Grocery Store,"6315 Jonathan Views Suite 276
Jerryhaven_ TX 90986",Anneville,+1-608-953-5542x841
519,Smith_ James and Alvarado,Restaurant,"1886 Warner Fall Apt. 545
New Codyport_ LA 47509",Keithburgh,4873246566
520,Jackson_ Miller and Porter,Catering Service,"8021 Erin Trafficway
New Jamesport_ TX 78396",Port Andre,257-230-5531
521,Kim LLC,Grocery Store,"5405 Cameron Trace
Kennedyton_ NV 57074",Deanport,247.423.7138x621
522,Davis_ Maldonado and Palmer,Grocery Store,"2622 Kimberly Port Suite 775
Danielland_ NE 08014",Torresfort,861.571.1349x26120
523,Roberts_ Howard and Bender,Restaurant,"67885 Avila Crossroad Suite 550
Anthonymouth_ WY 53169",Lake Lorrainefort,+1-414-385-0073x51267
524,Torres Ltd,Grocery Store,"7676 Estes Harbor Suite 218
Brandonmouth_ SC 41497",West Amandafurt,(283)833-1998
525,Phillips Inc,Supermarket,"560 Long Mill
Lake Caitlin_ CT 60702",Lake Carlos,(182)626-5112
526,Harrington_ Jimenez and Carr,Supermarket,"7266 Alvarez Junctions Suite 564
New Robertfort_ MT 85213",South Tylerstad,154-764-8062
527,Moran_ Mcmillan and Jones,Supermarket,"13859 Brandon Burg Suite 195
Jamesshire_ KS 72927",Bonillahaven,001-261-466-0296x4350
528,Baird PLC,Supermarket,"10521 Jared Mill Suite 659
Mccormickhaven_ MO 07533",Markport,001-930-122-6265x199
529,Macdonald_ Hale and Garcia,Grocery Store,"26656 April Cliffs Apt. 770
Terriville_ NV 90626",Dannybury,-11198
530,Spencer_ Eaton and Young,Catering Service,"904 Freeman Lodge Suite 905
Lake Stephanieshire_ NE 73215",Johnstonhaven,808.707.2502x64682
531,Miller Ltd,Catering Service,"5262 Roy Village
Jonville_ HI 04740",North Kylestad,(648)470-0469x880
532,Johnson-Green,Grocery Store,"7369 Kenneth Haven
Andrewborough_ UT 47985",Darrylchester,001-090-513-0319x965
533,Daniel_ Schroeder and Morse,Catering Service,"71684 Campbell Stravenue
Garrettside_ HI 68372",Rogersmouth,+1-753-153-8390x0816
534,Elliott LLC,Restaurant,"16795 Anderson Hill Suite 956
Curtishaven_ MS 95388",South Kayla,4896850451
535,Hill PLC,Grocery Store,"8470 Brandon Extension
North Rhondastad_ AK 50332",Valdezborough,+1-157-982-5008x743
536,Johnson-Farley,Restaurant,"721 Rivera Spurs
Moorebury_ WV 76648",South Donald,(969)280-5722
537,Jones Group,Restaurant,"3828 Williams Lake
Brownshire_ OR 72935",Callahanside,(104)313-7701x468
538,Beck Inc,Restaurant,"102 Jackson Plaza Apt. 330
North Meganborough_ NC 67139",Jasonmouth,963-484-4775x327
539,Smith-Thomas,Restaurant,"682 Samantha Ranch Apt. 661
East Patricia_ NM 14216",Watsonton,962.444.4824x7142
540,Randall-Wagner,Catering Service,"9517 Adrienne Valleys Suite 015
South Jennifer_ ME 25672",Henrychester,427.635.9668x1254
541,Lewis-Deleon,Catering Service,"PSC 3880_ Box 0574
APO AE 02776",West Karen,399-298-6885x917
542,Pitts_ Johnson and Humphrey,Supermarket,"9653 Benjamin Prairie Apt. 866
Wilcoxtown_ OK 40953",New Johnfurt,001-818-934-0059x74196
543,Nelson Inc,Catering Service,"Unit 9087 Box 7118
DPO AP 47666",East Jennifer,(590)329-6474x36645
544,Johnson_ Wheeler and Fischer,Catering Service,"117 Mclaughlin Stream Apt. 161
West Jose_ UT 58322",Richardton,824.788.6573x954
545,Williams-Flores,Restaurant,"3389 Joshua Landing Suite 758
Millsborough_ MT 99216",Kellyberg,001-136-581-9633x2801
546,Gardner_ Garcia and Valenzuela,Restaurant,"41140 Julie Springs Suite 485
West Tammy_ HI 01981",New Wendymouth,818-660-2603x90477
547,Walter_ Gonzales and Potter,Restaurant,"77735 Parsons Underpass Apt. 969
Jillberg_ NH 89270",Batesstad,2616749124
548,House_ James and Miller,Supermarket,"52465 Danielle Forge Suite 949
Walterschester_ CT 88915",Lisamouth,070-175-5725
549,Doyle_ Clark and Campbell,Catering Service,"USS Howard
FPO AP 75180",East Deborah,205.237.3375
550,Phelps_ Graham and Hayes,Catering Service,"59138 Sherman Light Apt. 256
Rossside_ ND 89271",Timothychester,(512)814-0594x96653
551,Holland_ Caldwell and Oliver,Restaurant,"7502 Silva Lights Apt. 125
North Brittany_ MA 40389",East Sandratown,(670)960-9465
552,Schwartz_ Holland and Mccarthy,Catering Service,"19727 Luke Wall
Jacquelinetown_ ME 38666",Pearsonchester,001-486-894-6733x80522
553,Schultz_ Gross and Morrow,Supermarket,"904 Caitlin Harbor Suite 165
Piercemouth_ MI 67261",North Marthaton,291-421-3869
554,Jackson Ltd,Restaurant,"325 Becker Pass
West Bobshire_ MT 42103",Brandyberg,920-705-5617x44135
555,Valencia_ Floyd and Jordan,Grocery Store,"755 James Greens Apt. 111
South Thomaschester_ MT 65536",South Brenda,864.386.4484x7247
556,Reyes_ Houston and Esparza,Catering Service,"60546 Amanda Canyon
Holmesmouth_ ME 97812",Brittanyland,7525269578
557,Smith PLC,Restaurant,"USNS Riley
FPO AA 59840",East Aaron,911-068-2655x53558
558,Beck Group,Catering Service,"0291 Williams Harbor Suite 127
Hooverchester_ ID 89542",North Sharonberg,-1540
559,Young_ Moran and Morris,Catering Service,"0953 Davis Well Apt. 329
West Maurice_ NC 31745",New Baileyfort,+1-750-812-7169x04781
560,Cunningham-Wyatt,Supermarket,"5900 Mccullough Mountain Apt. 363
Kristineland_ NV 53404",East Donnafort,+1-699-003-9200x964
561,Smith_ Walker and Jackson,Supermarket,"84921 Donald Ferry
North Matthewburgh_ NV 11482",Kennedychester,868.068.0443
562,Perez-Green,Supermarket,"Unit 1288 Box 5043
DPO AA 72184",Lake Lauren,+1-328-140-9873x0223
563,Daniels-Kim,Grocery Store,"002 Donald Glen Suite 515
Edwardschester_ OR 44523",East Angela,787.621.3654x1971
564,Bates_ Owen and Wade,Restaurant,"37725 Robert Fields
Combshaven_ NH 44196",Jenniferview,+1-368-625-0736x9988
565,Blair-Randolph,Supermarket,"5884 Watson Road Suite 731
West Markstad_ AR 53880",Steventown,(741)725-2742x04495
566,Cole-Stein,Catering Service,"782 Flynn Plaza
North Francesburgh_ KY 21221",New Rachel,(322)115-7175x12748
567,Clark-Taylor,Catering Service,"32917 Lopez Coves Apt. 669
New Charles_ PA 87343",Jonathanstad,3857327137
568,Smith_ Wilson and Johnston,Supermarket,"1103 William Forks
South Deniseland_ OH 08168",Ericfort,(553)986-1219x532
569,Booker Ltd,Grocery Store,"1780 Crystal Turnpike Suite 052
South Brandi_ OH 87518",South Russelltown,001-391-794-1009x585
570,Jones_ Calderon and Finley,Supermarket,"213 Rodriguez Club Apt. 768
Murphyhaven_ ND 27372",Lake Vanessa,001-277-343-9322x828
571,Rosales-Stevens,Restaurant,"9093 Stephens Unions
Carterton_ OK 67250",Baldwinshire,4438358279
572,Shaw Group,Supermarket,"PSC 8369_ Box 1372
APO AP 87487",Lake Cathy,+1-168-522-2184x289
573,Nelson Ltd,Supermarket,"655 Debra Flats
South David_ KY 13041",New Thomasmouth,(337)139-2882x85414
574,Gonzales LLC,Supermarket,"63164 Patrick Trail Apt. 033
Davidville_ MT 01979",New Larry,054-195-4248x7901
575,Martinez and Sons,Catering Service,"48185 Jasmine Villages
Zimmermanhaven_ MN 53468",Johnport,5200035934
576,Townsend Inc,Catering Service,"39437 Alejandro Path Apt. 765
Olsonview_ MS 29423",East Emilyburgh,001-820-820-2213x469
577,Taylor-Matthews,Catering Service,"073 Cathy Trail Apt. 793
Nelsonfurt_ NY 98042",Lake Donna,864-725-3991x8612
578,Vega Ltd,Catering Service,"14352 Adkins Freeway Suite 515
South Katherineland_ WV 05793",Port Carrie,829-056-6503x5701
579,Young-Bennett,Catering Service,"407 Nathan Passage Suite 620
East Robert_ NH 29961",Meyersland,001-345-350-3885
580,Mitchell-Hunt,Restaurant,"113 Lacey Hollow Apt. 525
Harringtonmouth_ ND 62225",Richardfort,036-179-5013x18052
581,Smith-Wilkins,Grocery Store,"219 Cook Mews Suite 667
Turnerbury_ GA 42760",West Phillip,(577)557-7490x4585
582,Wilkerson and Sons,Grocery Store,"546 Krause Drive Suite 554
West Kristenborough_ GA 43703",West Dannyland,337.240.9406
583,Martin-Wright,Catering Service,"45525 Ronald Forks
Mauricestad_ ID 75984",Marcstad,(870)723-3756x318
584,Sanders-Hale,Supermarket,"41546 Frank Islands
Lake Reginaldberg_ AR 06319",Moralesside,+1-625-938-4941x95891
585,Warren Group,Grocery Store,"1956 Moreno Plains Apt. 468
Trevorfort_ LA 26796",Port Donnaton,756-246-6838x5142
586,Wilson PLC,Supermarket,"6412 Suarez Meadow
Lake Frank_ UT 86790",Jonesport,-706
587,Davis_ Cruz and Schaefer,Restaurant,"6913 Duarte Points Apt. 445
Ramosside_ IL 10904",Lake George,4142908031
588,Collins_ Oconnor and Blake,Grocery Store,"232 Pollard Shores
Donaldmouth_ TX 19845",Vazquezland,001-491-899-7575x46954
589,Boyd_ Padilla and Simpson,Restaurant,"95686 Franco Mountains Suite 475
North Larry_ WI 78578",Morganhaven,694-875-6150
590,Adams-Young,Grocery Store,"11551 Lisa Rapids
Lesterhaven_ IA 88565",Richchester,-6949
591,Miller Inc,Grocery Store,"338 Robertson Crossing
Monicaborough_ AK 65253",New Leslieport,954-049-4239
592,Chan PLC,Restaurant,"27777 Stephanie Plains
Jasonhaven_ RI 35762",North Brendaborough,001-777-423-2427x587
593,Spencer_ Gibson and Arias,Grocery Store,"04212 Gonzalez Shoals Suite 814
Stephenton_ MO 69807",Tammyside,525.724.0172x690
594,Phillips-Moore,Grocery Store,"973 Timothy Springs Apt. 259
Lake Samanthaport_ MA 95198",Lake Monique,583-316-8147
595,Knox and Sons,Grocery Store,"PSC 6513_ Box 7743
APO AP 22827",Port Matthew,967.217.8511x139
596,Barnes_ Castro and Curtis,Restaurant,"0998 Mcintyre Row Apt. 105
North Crystal_ KY 62420",Zimmermanville,507.577.7566
597,Brown LLC,Supermarket,"8055 Angela Shoals
Joshuamouth_ FL 70099",Karentown,2169420064
598,Barron-Casey,Restaurant,"1514 Ward Extensions Apt. 499
Jasonmouth_ SD 17571",South Sarastad,001-624-296-3440x099
599,Gomez LLC,Restaurant,"388 Zuniga Trail Suite 934
Jodiburgh_ DC 27839",Carlborough,087-853-4529x913
600,Green LLC,Catering Service,"898 Michael Mall
East Randy_ RI 35381",Meganshire,659-948-4636
601,Owens-Johnson,Catering Service,"1058 Kimberly Locks
Port Emily_ IL 57473",Port Troychester,(051)220-5307x61376
602,Cole LLC,Grocery Store,"USS Zhang
FPO AP 50279",North Destiny,001-078-379-8075x2377
603,Waters-Bass,Restaurant,"1890 Jeremy Road Suite 876
Robertborough_ DC 41078",West Stephen,708.632.3778x183
604,Cook Inc,Supermarket,"2181 Heather Plain
Millerville_ NJ 64347",New Lisa,+1-439-023-8330x00528
605,Maddox PLC,Catering Service,"20566 Aguilar Road Suite 772
New David_ FL 55621",West Tylerberg,841228942
606,Freeman_ Decker and Johnson,Grocery Store,"6294 Gregory Throughway Suite 517
West Marychester_ NM 35832",North Nathan,290-849-5446x412
607,Mclean_ Lopez and Stephens,Supermarket,"1800 Robert Drive
West Shannonton_ GA 52400",Shawnborough,357.864.2606x99209
608,Love-Montgomery,Grocery Store,"36635 Lang Fords Apt. 863
South James_ FL 70248",Collinsmouth,164-269-8070
609,Torres-Dunlap,Restaurant,"Unit 1623 Box 5952
DPO AA 55518",South Christopherborough,057.342.1300x473
610,Kelly_ Cummings and Ward,Supermarket,"Unit 4632 Box 7131
DPO AP 21204",Allenton,795.078.7850
611,Williams-Manning,Supermarket,"99495 Cook Fork Apt. 475
North David_ WA 68629",Port Kendraborough,001-050-248-0430x1092
612,Dickerson_ Mason and Lyons,Grocery Store,"88934 Alexander Loaf Apt. 456
West Jason_ IN 36932",Kimberlychester,(339)492-9049x5615
613,Cross and Sons,Grocery Store,"0635 Kathy Mountain Suite 592
Griffithville_ CT 03000",Petersonburgh,2499148837
614,Morris_ Mcpherson and Edwards,Supermarket,"2570 Frost Green Apt. 854
West Rachel_ MA 88616",Robertshire,526.766.1952x181
615,Smith LLC,Grocery Store,"0172 Andrew Mall Suite 480
Lake Karaland_ MA 41959",New Josemouth,1288966674
616,Moore-Flowers,Restaurant,"57451 Davis Port Apt. 531
East John_ CT 19104",Clarkberg,(256)326-8681x6129
617,Willis-Luna,Restaurant,"3122 Torres Stravenue
Ramosborough_ AZ 89701",East Jennifer,001-178-628-5939
618,Gross and Sons,Restaurant,"PSC 7998_ Box 2478
APO AE 45856",Murphyberg,001-199-056-3101x42375
619,Hopkins_ Mora and Green,Grocery Store,"036 Valerie Land
Garzashire_ WI 83113",North Katelynland,001-965-519-2456x24569
620,Jenkins-Hughes,Restaurant,"70040 Nicholas Tunnel Suite 144
Port Gwendolyn_ UT 81199",New Jason,295-810-0522x881
621,Chan Group,Supermarket,"5632 Katie Forks Suite 162
West Markfurt_ AR 19503",Sarahland,+1-119-104-8140x852
622,Chang_ Estrada and Peters,Catering Service,"86159 Mark Track Suite 676
Turnermouth_ IA 56857",East Annshire,8503009206
623,Williams Inc,Supermarket,"8908 Rich Road
Marvinfurt_ MT 26167",Latoyaberg,(031)347-8261
624,Mendez_ Jones and Montgomery,Grocery Store,"530 Michael View
Burtonview_ NJ 13987",New Kevintown,4804280968
625,Whitney-Fields,Grocery Store,"643 Morgan Rapids Apt. 181
Lake Susan_ RI 01256",East Lisa,399-479-4880x0272
626,Trevino Ltd,Supermarket,"5019 Johnson Extensions Suite 914
Harrismouth_ KS 80788",Heathermouth,022.305.4697x8681
627,Carson_ Hernandez and Sherman,Restaurant,"104 Cooper Roads Apt. 707
Jenkinsfurt_ AZ 27878",Nathanielbury,174-998-7187x9074
628,Hunter_ Bell and Griffin,Catering Service,"146 Jonathan Skyway Apt. 608
Williamsland_ MD 48062",Port Jillian,(208)474-0382x28468
629,Nelson and Sons,Grocery Store,"9591 Hess Terrace
New Kylie_ NV 59106",East Joseph,001-606-385-9319x781
630,Mathews-Harrison,Catering Service,"2849 Harris Views
Suarezberg_ AZ 03015",West Matthew,278.410.3369x739
631,Mueller_ Savage and Hudson,Supermarket,"959 Joseph Square Apt. 513
Lake Jennifer_ IL 84011",North Kevinhaven,(995)505-1664
632,Oliver_ Ross and Johnson,Supermarket,"24971 Stephanie Manors Suite 735
East Jessemouth_ SD 28563",Davidville,001-179-898-4092
633,Andrade_ Gross and Wallace,Grocery Store,"USNS Brewer
FPO AE 48783",Fisherstad,001-127-426-5890x378
634,Morgan-Blackwell,Supermarket,"5801 Duncan Shoals
West Rachel_ TX 93833",Colemanton,(254)215-9233
635,Ingram PLC,Catering Service,"270 Suzanne Mountain
East Jason_ FL 72390",South Jeffery,363-940-3078x14194
636,Carroll-Stanley,Grocery Store,"Unit 2028 Box 0350
DPO AP 33410",West Omarside,849.339.1687x68179
637,Rodriguez LLC,Grocery Store,"32957 Davis Squares Apt. 352
Port Teresa_ TX 28764",East Williamshire,001-157-833-7008x08964
638,Patterson Inc,Restaurant,"440 Donald Corner Apt. 571
Sandraberg_ VA 54153",Jeffreyport,019.231.7207
639,Chandler-Roberts,Supermarket,"0090 Jerry Viaduct
Lake Suzannechester_ GA 84592",Richardsonhaven,(671)036-0993x233
640,Cook_ Jackson and Griffith,Grocery Store,"45823 Wright Point Apt. 175
Morrowbury_ SC 14712",West Tinamouth,496.170.0536x12668
641,Burns-Smith,Supermarket,"337 Leblanc Lodge Apt. 412
Markburgh_ NM 79330",Tammyside,-939
642,Woodward-Jensen,Catering Service,"USCGC Ewing
FPO AP 42279",Lesterstad,432-670-6542x60306
643,Dixon LLC,Supermarket,"11321 Nicholas Estates Suite 016
Leeland_ LA 25575",North Ebony,+1-283-422-5540x00555
644,Walsh-Jones,Restaurant,"1201 Jesus Port
West Alicia_ MI 39222",Sandersshire,327-092-6148
645,Herrera_ Clark and Brown,Catering Service,"USNS Moore
FPO AE 50173",Durhamchester,840-466-6667x82987
646,Yates-Avery,Restaurant,"7398 Arnold Parkways Suite 894
South Anthony_ NC 58831",Scotthaven,410.531.7418
647,Hayes Inc,Restaurant,"196 Emma Ville
South Lisaside_ CT 21368",West Kara,423-402-5949x4533
648,Sanchez-Cummings,Restaurant,"39631 Bruce Unions
Kaitlynside_ NM 86509",Lake Xavierburgh,280-986-1102x593
649,Brown and Sons,Restaurant,"962 Carla Villages Suite 460
North Johnstad_ WV 97942",Lake Benjamin,001-124-313-6789x492
650,Pugh Group,Restaurant,"53593 Andrew Vista Apt. 903
Martinfurt_ KY 87501",Garzaville,+1-089-261-9866x15160
651,Robinson and Sons,Supermarket,"51806 Natalie Throughway Apt. 212
South Alyssa_ MA 55906",North Lisamouth,+1-199-421-8051x664
652,Sullivan-Golden,Catering Service,"272 Linda Drives
Avilaland_ AK 39073",Port John,101.936.1050x09281
653,Perry_ Perez and Carter,Catering Service,"178 Randy Fords
East Chadton_ TX 86183",Cameronside,085.588.5857
654,Hunt_ Lee and Winters,Supermarket,"310 James Locks Suite 685
Chenfurt_ OK 58448",Derekland,-4809
655,Smith Group,Restaurant,"USCGC Meyer
FPO AP 46538",Jimmyberg,694.134.6616x8811
656,Henry PLC,Restaurant,"10897 Duncan Manors Apt. 117
Whitneyshire_ IA 92311",South Tiffanyfort,104.576.7855x2145
657,Carpenter-Wright,Supermarket,"2253 Paul Circles
Taylorland_ CA 85679",Davidland,001-482-381-7341x4903
658,Collins Inc,Catering Service,"40526 Arthur Summit
Fernandofurt_ DC 13182",North Ravenfurt,+1-871-495-2866x10181
659,Callahan-Olsen,Restaurant,"Unit 8901 Box 2688
DPO AP 76819",East Lori,479-524-3396x53216
660,Little-Novak,Catering Service,"3955 Kerri Wall Suite 470
South Juan_ OH 39390",Michellechester,827.194.9818x2685
661,Rowe PLC,Grocery Store,"1614 Mayo Stravenue
Kaiserville_ AR 87652",Lake Donaldchester,+1-845-011-4333x510
662,Morris_ Mcintyre and Austin,Supermarket,"9972 Katherine Pike Apt. 731
Mendozaborough_ ND 13509",Port Lesliebury,001-095-950-5858
663,Davis-Lutz,Supermarket,"57240 Jennifer Port
Port Aaronland_ SC 20896",New Joshuamouth,(598)537-6895x39918
664,Caldwell PLC,Catering Service,"07281 Daniel Viaduct
Gabrielmouth_ OK 76168",Jeffreyshire,+1-608-327-2565x3004
665,Ortega-Webb,Catering Service,"62621 Mikayla Hollow Suite 797
Melendezview_ ME 58412",West Billborough,001-646-036-9173x42885
666,Hopkins and Sons,Supermarket,"PSC 9032_ Box 8873
APO AA 93892",Lake Lisa,(258)062-6080x783
667,Bailey_ Burke and Green,Supermarket,"738 Reed Branch Suite 823
Williamsfurt_ MO 25272",Estradafort,(190)730-8257
668,Williams_ Simpson and Waters,Grocery Store,"6223 Bailey Knoll Suite 714
North Natashatown_ IL 23650",Salinasville,9364930023
669,Fox Inc,Supermarket,"4029 Peter Locks
Fisherstad_ UT 42054",New Heidi,623-439-6993
670,West-Reilly,Supermarket,"756 Megan Ranch Apt. 775
Port Jeffery_ IL 94423",Lake Jaclyn,573.885.9975x59706
671,Sanders and Sons,Grocery Store,"0805 Nicholas Oval Suite 499
New Randy_ WI 52774",North Catherine,+1-308-986-2848x196
672,Ferguson_ Henderson and Watson,Catering Service,"89711 Cassandra Overpass
Williamchester_ AZ 28267",North Mariahchester,351-379-8297x4923
673,Reynolds Group,Restaurant,"7279 Joseph Ramp
Port Shawnborough_ GA 33669",New Connorfort,-2698
674,Reid-Johnson,Restaurant,"3607 Williams Canyon Suite 553
East Marcmouth_ DC 84269",Anthonyhaven,071-461-6662x422
675,Stevens-Lopez,Grocery Store,"52096 Jeremy Place
Ambertown_ AL 54808",Peterhaven,234.858.2605x778
676,Osborne LLC,Catering Service,"448 Thompson Creek
West Diane_ WV 52163",Lake Jasmin,+1-340-436-8105x510
677,Gonzalez_ Dunn and Oconnell,Grocery Store,"778 Richard Glen Suite 654
Cassandrafort_ CA 25549",Williamsmouth,+1-605-449-8141x1518
678,Ruiz-Oneal,Grocery Store,"934 Kelsey Shoals
Tiffanyburgh_ IL 56636",Lake Travis,(569)363-0118
679,Owens_ Johnson and Anderson,Supermarket,"1837 Johnson Forest
Davisberg_ CA 26735",Lake Gary,849.051.1399x70295
680,Chavez-Grimes,Grocery Store,"507 Johnson View
Garnerville_ GA 24621",Hillburgh,001-831-449-3638x4631
681,Todd-Jackson,Supermarket,"184 Gregory Fort Apt. 518
North Glenn_ OR 97758",Darrellfurt,460.659.0802
682,Clark Inc,Supermarket,"896 April Underpass Apt. 635
Camachoberg_ OK 17853",Leonardborough,260.187.2522x030
683,Pratt Ltd,Grocery Store,"2440 Bauer Drive
Wellsstad_ PA 54419",Christinetown,001-318-035-8959x2452
684,Davis_ Hardin and Merritt,Grocery Store,"USNV Calderon
FPO AP 80186",Jimmymouth,864.590.0521x094
685,Scott and Sons,Supermarket,"320 Justin Centers Apt. 436
West Carrieside_ ND 53538",Maysside,001-085-825-1185x328
686,Collins_ Hughes and Palmer,Grocery Store,"28395 Mueller Cliffs Apt. 231
Lake Kelly_ MN 69836",South Kellyland,001-724-756-5697x7877
687,Mcdonald-Howell,Catering Service,"93955 Mann Pines
Port Stevenbury_ PA 67605",North James,504-183-2400x84016
688,Chen_ Walker and Fisher,Grocery Store,"1585 Price Mountains Apt. 462
Port Jessicashire_ GA 79191",Pamelaburgh,001-121-682-5654x2822
689,Rodriguez_ Robinson and Conway,Catering Service,"4059 Jenkins Ports Suite 961
North Colleen_ AZ 95737",Holtmouth,835.650.9674
690,Valenzuela-Garrett,Grocery Store,"824 Harold Heights
Evansborough_ MA 43364",Lake Cheryl,+1-552-433-1217x647
691,Obrien_ King and Robinson,Restaurant,"560 Diane Place
North Carla_ SC 62821",Youngchester,+1-513-264-8229x419
692,Rocha_ Johnson and Dunlap,Supermarket,"31552 Jodi Motorway Suite 547
Allenport_ AR 98936",South Andrewport,-5994
693,Salazar PLC,Restaurant,"384 Allison Ports
North Rachel_ CT 22924",Raybury,180-591-9657x697
694,Avery PLC,Supermarket,"679 Quinn Rapid Apt. 934
Joyborough_ WY 99210",Amandashire,589.122.1214x989
695,Fox-Perez,Supermarket,"Unit 3530 Box 4051
DPO AA 84294",Hayesville,(418)506-2217x0513
696,Bishop-Singleton,Grocery Store,"076 Matthew Center
South Jasonbury_ NH 86592",Davidville,001-687-501-8347x2632
697,Rodriguez_ Thomas and Foster,Restaurant,"792 Mathews Course Suite 808
Kevinmouth_ MD 24910",Padillatown,564-331-0431
698,Hawkins-Novak,Grocery Store,"2372 Jessica Lake
Lake Tamara_ NY 49712",Phillipsmouth,961.144.7736x679
699,Carr Group,Grocery Store,"1873 Jeffrey Prairie Suite 484
North Chadmouth_ OH 55679",Jamesport,+1-334-811-0634x6842
700,Webster and Sons,Supermarket,"9427 Jones Ridges Suite 824
South Brendan_ CT 19533",Morriston,161.555.4218x17236
701,Pearson-Barry,Restaurant,"9596 Adam Trail Apt. 428
Lake Christopherburgh_ TX 14456",Browntown,+1-132-394-9769x75463
702,Moreno-Melton,Supermarket,"88171 Teresa Station
New Shane_ UT 53712",Lake Mistyton,001-098-297-7862x776
703,Pierce Group,Catering Service,"87040 Smith Lodge
New Robertbury_ DE 31100",Lake Jamestown,+1-843-457-7096x3283
704,Bush-Murray,Restaurant,"2389 Evans Courts
East Laurabury_ MS 75092",Galvanfurt,799.618.3759x874
705,Brown-Stephens,Grocery Store,"61032 Espinoza Road
East Ronaldburgh_ IA 34355",East Robert,119.114.6136x472
706,Hughes PLC,Supermarket,"94788 Garcia Ports Suite 459
West Michellestad_ MT 79129",Sarahview,556.413.4567x3854
707,Peterson_ Lee and Moore,Supermarket,"439 Dana Vista
North Tracyton_ TN 34903",Laurietown,710-623-8778x66342
708,Cruz-Morrow,Catering Service,"278 Kevin Vista Suite 607
Jessicaville_ NE 43011",West Elizabethport,537-625-7293x22343
709,Barry Group,Restaurant,"632 Wong Place
West Shane_ CO 27966",South Kathryn,+1-533-592-0009x5523
710,Adams-Meyer,Catering Service,"61134 Steve Expressway
New Cindy_ SC 37620",Mikaylachester,+1-334-757-0819x808
711,Jenkins Group,Supermarket,"7213 Johnson Glen Suite 222
North Lauren_ NY 58260",Lake Larry,001-493-150-3730x13002
712,Payne Inc,Restaurant,"9339 Jackson Spur
Williamsshire_ ID 32726",Huberstad,001-148-921-4043x467
713,Bell-Newman,Grocery Store,"59464 Conner Lake
North Gracechester_ AR 71191",Smithmouth,(239)435-1256
714,Ramos Group,Catering Service,"2242 Olivia Grove
Haileymouth_ NH 71518",North William,727-987-0431x177
715,Reyes-Stewart,Restaurant,"PSC 8297_ Box 4959
APO AA 73797",South Jason,550-821-0945
716,Wright-Hogan,Catering Service,"67942 Butler Stream Apt. 519
West Terrichester_ NV 43420",North Ryan,001-280-488-8210x18348
717,Shepherd and Sons,Catering Service,"533 Peters Locks Suite 995
West Mindyhaven_ MS 87079",Pamelaberg,-10318
718,Livingston Inc,Restaurant,"451 Smith Orchard Suite 751
East Rebecca_ VA 23186",Port Victoria,-8411
719,Graham PLC,Restaurant,"718 Christina Fall
New Martinville_ WV 97137",East Cynthia,743.262.1457x01922
720,Page_ Smith and Davis,Restaurant,"065 Mary Estate Apt. 886
North Jessica_ NY 33169",Francisshire,921-470-8846x3047
721,Randolph-Bauer,Catering Service,"117 Kayla Ramp Suite 638
Jenniferstad_ MS 30328",Port Staceymouth,2885719618
722,Young-Luna,Restaurant,"42661 Harris Motorway Apt. 610
Garrettville_ OH 22338",Linchester,001-367-389-8038x71593
723,Butler-Phillips,Supermarket,"USNV Gordon
FPO AP 25294",Jessicaland,+1-366-362-7376x557
724,Thompson Ltd,Catering Service,"7872 Davis Corners Apt. 807
East Christopherhaven_ MO 74535",Port Juliafort,+1-901-692-0561x8582
725,Nguyen_ Chan and Brown,Grocery Store,"6755 Lindsay Port
Allenland_ LA 52111",New Evanport,747-692-4848x020
726,Hancock-Jackson,Supermarket,"75914 Smith Freeway
Burnsshire_ KS 10093",Shortfurt,001-769-864-0777x950
727,Rowe-Chen,Supermarket,"304 Leslie Key
Middletonfurt_ IN 01285",Aguirreville,8228891240
728,Cruz and Sons,Supermarket,"844 Smith Inlet
Christinechester_ OH 87700",South Allison,(169)675-2870x74675
729,Bennett Inc,Grocery Store,"699 Ricardo Knoll
Jeffreyside_ CT 99334",Lake Nathan,+1-440-639-2296x544
730,Arroyo-Henderson,Supermarket,"5364 Young Radial Apt. 906
Lake Kelly_ NH 41322",Benjaminstad,(313)019-6078x8326
731,Ayers-Lewis,Grocery Store,"908 Frazier Estates
West Travis_ KY 18812",East Christophertown,001-823-662-3501x58107
732,Mendoza LLC,Supermarket,"07376 Joe Locks Apt. 174
Lake Joseside_ MO 10326",Ginaview,636.763.0459x119
733,Hall-Bailey,Catering Service,"55243 Harris Falls Suite 091
Elizabethfort_ VA 00788",North Bethanyville,001-857-024-2547x71955
734,Patterson-Collins,Catering Service,"507 Kelly Plain Suite 072
South Christopher_ CA 06744",Port Anita,+1-466-124-4012x842
735,Koch Inc,Restaurant,"97748 Anderson Port
Audreyberg_ TN 75408",Westmouth,(972)427-3809x5165
736,Reed LLC,Supermarket,"9132 Garcia Estates
North Carolynshire_ TX 77749",East Anthony,427.554.1262
737,Ballard_ Stanley and Hill,Restaurant,"USCGC Holt
FPO AA 27710",Port Andrea,409.995.2073x69158
738,Combs Ltd,Grocery Store,"1020 Murray Gateway
Smithton_ HI 44207",West Kelli,167.486.0883
739,Jacobs PLC,Grocery Store,"293 Vernon Garden Apt. 024
Tiffanymouth_ KY 89919",Markborough,(024)341-5235x050
740,Cunningham Ltd,Catering Service,"46457 Alvarado Mews Apt. 640
Terrymouth_ VT 01681",Port Marissachester,498-839-7284x63534
741,Martin_ Richardson and Snow,Catering Service,"Unit 3436 Box 4523
DPO AE 51665",West Anthonymouth,013.181.1620
742,Harmon_ Hunt and Daniels,Catering Service,"398 Keith Islands
New Michael_ ND 26141",Port Jennifer,(440)486-0759
743,Mayer_ Hawkins and Day,Supermarket,"PSC 4292_ Box 5900
APO AE 49106",South Richard,+1-206-641-2099x02965
744,Martin_ Sosa and Fleming,Restaurant,"424 Leonard Unions
Lewisland_ MT 30183",North Jenniferport,4335526313
745,Martinez_ Armstrong and Carroll,Grocery Store,"43311 Lewis Ville
South Davidside_ MA 08450",East Lisa,(577)786-8133
746,Carr-Morrison,Grocery Store,"26296 Brennan Neck Apt. 815
Leahville_ WA 35764",Sarahside,331-309-4173
747,Stafford_ Johns and Dunn,Restaurant,"Unit 5820 Box 3745
DPO AP 87833",Richardmouth,761-727-3251
748,Adams and Sons,Supermarket,"849 Ernest Ramp Apt. 938
West Sharon_ UT 25509",Port Hannah,508335147
749,Ramirez Inc,Grocery Store,"971 Rodgers Drive Suite 338
North Karabury_ VA 79151",Lisafort,001-397-293-6050x2868
750,Barnes and Sons,Supermarket,"41662 John Shoals Apt. 246
West Shannon_ NM 07777",Michaelton,(547)040-4732
751,Bryant_ Jacobson and West,Restaurant,"127 Michelle Views Suite 097
Lake Steven_ TX 04725",East Richardside,001-075-347-0236x69878
752,Butler-Richardson,Grocery Store,"99213 George Spurs Suite 321
Petersenberg_ MA 55289",East Heatherport,-3388
753,Lawrence-Clark,Supermarket,"699 Brooks Parkway
Davisside_ AL 18704",South Randy,122-170-5452x33780
754,Rodriguez and Sons,Restaurant,"210 Dickerson Pine
Port Troy_ KY 22574",North Sharonburgh,477.309.3018x208
755,Jackson-Good,Restaurant,"1947 Leonard Mission Suite 695
East Kenneth_ NJ 60142",Port Rebekah,5402653116
756,Tate-Reed,Restaurant,"22115 Shane Way Suite 117
Mariaville_ IA 31143",New William,076.799.5247x9326
757,Davis Ltd,Restaurant,"88279 Luis Throughway Apt. 639
Thomasberg_ NM 37613",Adamsville,(112)122-3591x558
758,Todd Group,Catering Service,"Unit 6259 Box 3832
DPO AE 28167",Port Patrick,236.722.8623
759,Martin_ Cohen and Haynes,Restaurant,"6719 Yolanda Via
East Jill_ TN 80794",South Joshua,001-677-604-8538x89487
760,Frederick LLC,Supermarket,"6559 Matthew Turnpike
Johnsonchester_ AK 98520",Yatesside,784.860.0232x137
761,Abbott_ Brooks and Moreno,Catering Service,"07566 Pacheco Port Apt. 447
Jenniferstad_ VT 74898",New Zachary,(605)444-5107
762,Simmons Group,Restaurant,"86763 Johnson Ramp Suite 259
Adamberg_ CT 79300",West Lucasville,002.503.5955x077
763,Manning Ltd,Restaurant,"91482 Adam Light Suite 699
Robertberg_ MA 25709",Josephburgh,187-286-3552
764,Villegas_ Chen and Campos,Restaurant,"5698 Trevor Ridges
Samanthaburgh_ VT 05005",New Travisshire,(619)661-4594x325
765,Wong-Wilson,Grocery Store,"1663 Lindsey Knoll Suite 148
South Emmachester_ LA 53472",South Douglashaven,693-832-6017x426
766,Parker Group,Catering Service,"017 David Crossing Suite 956
South Debraview_ MO 17664",Jonathanmouth,197.775.7862x84876
767,Conner_ Martinez and Ward,Restaurant,"201 Ortega Points
New Georgeland_ CA 73855",Codyview,177-150-2468x49541
768,Davis_ Hughes and Leblanc,Restaurant,"64539 Sabrina Rest
Port Dennisfort_ FL 23814",South Danielle,450-388-2214
769,Andrews Inc,Catering Service,"26341 Angela Canyon
Wheelerland_ RI 53891",Carrport,001-257-656-9260x6347
770,Schneider-Suarez,Supermarket,"73422 Morgan Plains
East Destiny_ SD 76863",East Melissa,001-597-658-2544x8112
771,Martinez_ Davis and Simmons,Grocery Store,"679 Lee Prairie Apt. 468
New Samuel_ CA 74608",West Christopher,(024)268-9864x8442
772,Hester-Vaughn,Supermarket,"11290 Lindsay Knolls
New Teresa_ KS 45517",Leonfort,440-252-5984
773,Wilson and Sons,Grocery Store,"503 Heidi Union Suite 064
Garciachester_ NM 90354",Port Julia,705.277.5779
774,Thompson and Sons,Catering Service,"3501 Goodwin Streets Suite 016
Lake Kristinastad_ NJ 25573",New Zachary,366.010.6995x8345
775,Rhodes_ Vasquez and Ayala,Restaurant,"968 Brian Parkways
Port Jon_ TX 15577",Lake Bianca,001-527-514-8462x80976
776,Lee_ Walker and Woodward,Supermarket,"Unit 7428 Box 9237
DPO AA 51656",Williamview,001-800-825-6958
777,Giles_ Weiss and Brown,Catering Service,"44972 Lawrence Wall
West Joseph_ NC 35887",Wilsonview,6766883967
778,Blanchard-Parsons,Catering Service,"81800 Preston Land Apt. 698
Murphyport_ MS 99875",Edwardsbury,1686096009
779,Maynard LLC,Supermarket,"7357 Kimberly Estate
Williamtown_ TX 45569",New Bobbytown,416.974.9320x8176
780,Lee LLC,Catering Service,"056 Valentine Village Suite 407
Bryantmouth_ RI 56149",North Caitlin,(125)745-1987x650
781,Lozano and Sons,Grocery Store,"4617 Reed Wells Suite 310
Lake Daniel_ GA 76092",Raymondview,124.824.3776
782,Wheeler-Galvan,Supermarket,"2915 Teresa Orchard Apt. 925
East Jacobmouth_ AR 92844",North Mary,851.926.1633
783,Cooper LLC,Restaurant,"30047 Maldonado Mission Apt. 779
Lindamouth_ CA 11952",Port Melanie,001-120-947-8177x14998
784,Wolfe_ Hull and Richardson,Restaurant,"98375 Christine Mountains
New Kelly_ MD 32374",Gibsonfort,649.210.2886x0203
785,Crane LLC,Catering Service,"32159 Bradley Canyon
Stevensonside_ VA 33070",Lindseybury,001-004-545-5901x1754
786,Simmons-Davis,Restaurant,"788 Tiffany Spur Apt. 373
Port Matthew_ NY 44804",Basstown,532.668.4291x87339
787,Potts_ Williams and Adams,Grocery Store,"1897 Elizabeth Throughway
South Shawn_ TN 56135",Lake Charleston,076.004.8874
788,Russell and Sons,Supermarket,"44158 Williams Plaza Apt. 122
Chavezhaven_ LA 02481",New Michaelmouth,(201)501-1781
789,Blair Group,Grocery Store,"602 Maria Dam
Tinatown_ WA 91444",Lake Maria,001-134-029-8765x104
790,Phillips and Sons,Supermarket,"USNS Rocha
FPO AP 15184",New Willieburgh,001-493-528-0886x728
791,Aguilar Group,Grocery Store,"292 Torres Village
Johnland_ IL 09607",West James,(390)257-0518x4479
792,Rogers-Maldonado,Catering Service,"9659 Reed Ridge
Waltersshire_ MO 80569",Mortonfort,343-728-0009x45256
793,Thomas-Flores,Grocery Store,"259 Walker Hollow
East Seth_ AL 67266",West Brandon,567-080-9984x776
794,Coleman_ Williams and Nichols,Supermarket,"7897 Jenna Spring Suite 591
Jordanport_ MA 64286",Woodport,3124904832
795,Rollins-Mclaughlin,Catering Service,"9872 Reginald Locks Suite 116
Deniseland_ CO 25700",Brownberg,728-509-6340x7211
796,Meyers-Black,Supermarket,"60983 Garcia Ways Apt. 475
Gracefort_ WI 40941",Drakeville,713-138-1523x7028
797,Reed-Williams,Catering Service,"57484 Adams Well Apt. 314
Jonesfort_ VT 30639",Derekshire,001-403-694-6449
798,Jordan LLC,Grocery Store,"2673 Maria Knolls
Comptonborough_ NY 52749",North Amanda,-5669
799,Estes LLC,Catering Service,"175 Douglas Flat
Gregoryside_ WI 12800",Leslieville,001-429-296-5587x7891
800,Hughes_ Fuller and Sanchez,Catering Service,"19447 Michael Locks Apt. 580
Thompsonburgh_ NJ 75869",East Amyfurt,(040)473-0155
801,Black Group,Catering Service,"470 Renee Oval
South Julia_ KY 65367",North Joseph,001-996-238-7255x85073
802,Williams Inc,Catering Service,"269 Isaiah Point Suite 901
Lake Shaneville_ KS 49945",North Katherineshire,(134)266-7104x2168
803,Frank and Sons,Supermarket,"68469 Butler Ranch Suite 190
New Melissa_ NY 96885",Petersonside,945-001-1935x424
804,Jackson Ltd,Restaurant,"45950 Gould Stravenue Suite 966
Lauraton_ MT 41682",North Ashley,+1-871-214-5204x667
805,Cowan-Peterson,Restaurant,"683 Rhodes Lodge
Port Latoyafurt_ KS 03941",Reynoldsbury,001-103-848-7464x001
806,Stone LLC,Supermarket,"88440 James Lodge Suite 431
Mariaberg_ TX 24138",West Samuelfurt,450-595-9061
807,Stewart_ Rocha and Torres,Supermarket,"0532 Cheryl Plains
Nicholasview_ WA 35943",Williamland,+1-138-470-9169x439
808,Hill-Russell,Grocery Store,"68533 Martin Fork
South Morganfort_ IL 17612",New Carol,075.630.9218
809,Baker_ Valencia and Smith,Restaurant,"4862 Clark Spurs
Lake Richard_ MS 20484",Amandaborough,(397)967-0645
810,Austin_ Griffin and Ward,Catering Service,"5382 Michelle Manor Apt. 817
East James_ MO 47545",Lake Jason,(877)527-5031
811,Hall-Barnett,Grocery Store,"574 Sutton Lakes
North Joan_ NY 91914",East Emily,+1-416-150-5940x8255
812,Stone Inc,Grocery Store,"388 Michelle Shore
Port Kimberlyside_ FL 70535",Leville,468-754-9363
813,Payne Ltd,Supermarket,"4541 Megan Points Apt. 886
Wrightfort_ RI 22327",East Michael,+1-499-883-9440x24317
814,Scott_ Lopez and Baldwin,Grocery Store,"335 Mark Center
Grantport_ HI 41240",Allenborough,001-590-644-2836
815,Brown-Butler,Grocery Store,"USCGC Steele
FPO AE 35280",Ashleyhaven,(509)390-1118
816,Dunlap Inc,Supermarket,"416 Mariah Ridge Suite 777
New Laurafurt_ TN 19711",New Jamesburgh,909-720-0844
817,Mullins Ltd,Restaurant,"762 Young Locks Apt. 246
Brownhaven_ WV 44739",Walterton,-3974
818,Murphy_ Harris and Quinn,Restaurant,"PSC 3393_ Box 0158
APO AE 18045",Port Brett,(080)535-3645
819,Wallace and Sons,Restaurant,"7743 Russell Cove
Port Tonyatown_ KS 97653",Robertschester,(277)528-2339
820,Sanchez Group,Supermarket,"USS Hernandez
FPO AP 68693",New Emily,(797)145-6559x37937
821,Peck-Norris,Supermarket,"75929 Tyler Corner
Lake Christopherland_ VT 54608",Jordanberg,447-812-4442
822,Thomas_ Brock and Ali,Grocery Store,"2636 Hayes Landing
Ramseychester_ PA 35913",Lake Kelly,5020875543
823,Murphy Ltd,Restaurant,"8991 Elizabeth View
Andrewston_ MT 46774",South Andrew,-7980
824,Howard-Williams,Supermarket,"662 Brenda Inlet Apt. 504
North Calvin_ AK 36811",Lopezport,(728)156-2658x7091
825,Smith_ Lynch and Anderson,Supermarket,"85965 Vanessa Hollow
New Patriciamouth_ WA 82198",South Bryan,+1-560-761-6843x29675
826,Rogers_ Harmon and Gordon,Supermarket,"13984 Mann Ford Apt. 634
Port Johnside_ AL 55278",Lake Karenfurt,(421)106-2871x5106
827,Stewart_ Cox and Tate,Grocery Store,"Unit 7108 Box 6674
DPO AE 90873",East Kimberly,754-822-6879x75255
828,Campbell LLC,Catering Service,"9892 Christopher Park Suite 948
Davidfurt_ TN 47444",Torresshire,408.792.0799
829,Marshall-Huffman,Grocery Store,"010 Williams Ville Suite 868
South Patricia_ MS 92938",Mendozastad,001-320-495-1470
830,Snow PLC,Catering Service,"8892 Christine Court
Lake Jamestown_ MI 56025",West Charlesborough,001-656-370-9565x9479
831,Figueroa Inc,Catering Service,"5678 Washington Pines Suite 444
Millerfurt_ DE 55779",Lewishaven,107.592.8920
832,Martin_ Johnson and Herrera,Supermarket,"7208 Garcia Drive Suite 415
South Crystalmouth_ PA 88821",North Richard,414-000-8857
833,Mcclain Ltd,Catering Service,"8220 Nicholas Mission Suite 606
Dillonfort_ OK 61228",Katherineborough,001-504-478-4608x690
834,Bruce Inc,Supermarket,"642 Schultz Divide Apt. 480
Matthewview_ PA 26612",Harrishaven,(258)012-0928x8067
835,Smith-Paul,Catering Service,"807 Taylor Stream
New Cameron_ AR 20442",Thorntonbury,001-222-287-5923x26280
836,Phillips PLC,Catering Service,"4419 Moore Pike Apt. 613
West Cheryl_ VA 40988",New Ninashire,+1-041-200-9724x3812
837,Horn-House,Supermarket,"59435 Benjamin Mountain
Amandamouth_ VA 67842",South Charles,(274)596-0960x4039
838,Weaver-Walker,Grocery Store,"0462 Kelly Junction Apt. 610
West Christophertown_ MD 16033",North Biancaview,(684)214-8678x814
839,Roth_ Estrada and Vang,Grocery Store,"9894 Thornton Stream
East Wesley_ VA 88439",Port Erin,(523)837-8597
840,Farmer Ltd,Restaurant,"594 Patel Road Suite 676
Autumnborough_ AK 45847",Cisnerostown,924.147.5562x1759
841,Smith Inc,Restaurant,"876 Mckinney Circles Suite 026
Taylorchester_ OH 43657",Lake Tamara,871.082.6155x450
842,Nguyen-Vasquez,Supermarket,"23097 Robinson Isle
New Barbara_ MT 56782",East Janet,330-419-6965x494
843,Carroll PLC,Catering Service,"PSC 4547_ Box 7966
APO AE 27140",North Kennethview,810.075.7191x4578
844,Gallagher-Brown,Grocery Store,"USNV Morris
FPO AP 79488",Olsenstad,9339428554
845,Golden Group,Supermarket,"2558 Barr Loaf
Michaelhaven_ WV 26626",Parksburgh,012.853.4943x4132
846,Miller Inc,Supermarket,"7787 Warren Estates Suite 246
Phillipsburgh_ OK 32953",South Thomasville,394.144.5269x2229
847,Pollard_ Collins and Watson,Supermarket,"Unit 4908 Box 4008
DPO AE 21178",Williamsonmouth,218.505.6857x64219
848,Fisher PLC,Supermarket,"350 Danny Flats Suite 806
Smithfort_ IN 28216",Fowlerbury,+1-823-181-5943x270
849,Brown and Sons,Supermarket,"725 Garner Locks
Andrewchester_ MI 49979",South Christopherborough,(352)481-4738
850,Cooper_ Osborn and Clark,Grocery Store,"8962 Robinson Greens Suite 631
Pricechester_ LA 52710",North Stevenbury,001-548-930-4392x6738
851,Miller-Clark,Supermarket,"54061 Billy Locks Suite 765
East Martin_ ND 10197",Kaitlynville,(540)858-7855
852,Jones-Burnett,Grocery Store,"515 Elizabeth Well Suite 591
East Paul_ IN 33760",East Shanestad,001-718-367-8316
853,Jefferson Group,Catering Service,"668 Brown Walks
Davisfort_ MI 56210",East Michelle,3908403570
854,Johnson LLC,Supermarket,"21555 Sanchez Streets Apt. 988
South Kimberly_ MT 97822",Smithstad,195-477-4278x2975
855,Cox_ Rogers and Horne,Restaurant,"558 Shawn Well Apt. 218
Lake Saraville_ IA 58123",Bryantton,045-288-0356
856,Hernandez_ Lee and Dodson,Grocery Store,"4238 Jerry Ranch Suite 083
Kiddview_ RI 15092",Brewerfort,+1-563-810-9329x657
857,Holmes-Schaefer,Supermarket,"61354 Tina Cliff
Sandershaven_ UT 60062",Jordanborough,759-916-3267x89739
858,Petersen_ Morrison and Woods,Restaurant,"7626 Stephanie Creek Suite 634
Juliashire_ WI 41937",Johnsonborough,-3081
859,Bradshaw Ltd,Restaurant,"PSC 6707_ Box 4294
APO AA 42923",Frostberg,056-604-3679
860,Fields-Craig,Catering Service,"69619 Townsend Square Apt. 545
South Hollyside_ LA 94071",North Valerie,001-120-459-4801
861,Rogers_ Robbins and Cook,Grocery Store,"9927 Russell Pike
North Barry_ NM 90744",Lake Kendramouth,387-013-3363
862,Obrien-Carr,Grocery Store,"7915 Jacob Tunnel Suite 241
New Lisaport_ HI 08755",East Tammy,096.381.4881x4011
863,Johnson-Mejia,Restaurant,"USNS Callahan
FPO AA 79594",Port Michael,(145)733-6977x4017
864,Mckinney-Harris,Catering Service,"9562 Moore Vista
Port Michael_ HI 54640",Cabreraberg,-2513
865,Coleman LLC,Grocery Store,"972 Gonzalez Lodge
Richardsonview_ UT 93978",New Frank,(238)095-1783
866,Jones-Patterson,Grocery Store,"622 Alan Park Apt. 298
Lake Kimberly_ ND 78178",New Robertstad,940.354.9558
867,Simpson Group,Supermarket,"2348 Daniel Crossing
South Sarahhaven_ CO 35631",Judystad,+1-774-532-9866x479
868,West_ Martinez and Warren,Grocery Store,"185 Bruce Mission
Janeburgh_ MI 52383",Rodriguezview,(042)376-1212x66871
869,Manning and Sons,Restaurant,"Unit 1702 Box 1802
DPO AE 00968",Port Hannahmouth,-7320
870,Mcgee PLC,Supermarket,"651 James Path
West Stephenside_ MT 25848",New Hollyfurt,378-777-7668x60325
871,Burke_ Yates and Hicks,Supermarket,"6295 Eric Valleys Suite 028
Taylorhaven_ AR 18369",Madelinechester,868-621-1107x14787
872,Calderon-Torres,Supermarket,"020 Griffin Glen Suite 717
Molinafurt_ MS 51202",Ramosville,(793)661-2764
873,Parsons and Sons,Catering Service,"52339 Angela Circle
Stevenville_ WY 85182",East Sonyaport,169-470-3250x7530
874,Long-Alexander,Catering Service,"4601 Samuel Ranch Suite 442
New Ronald_ SC 13631",Priceland,328-638-0829x010
875,Mendoza-Espinoza,Grocery Store,"8229 Sheila Trail
New Erica_ DE 07371",South William,029-780-2681x85712
876,Rosario-Porter,Grocery Store,"538 Ramsey Trace
Romeroland_ MA 69729",Brookeland,867-595-3131
877,Hughes-Hart,Grocery Store,"0824 Ronald Branch
West Rogerstad_ NM 76134",Campbellchester,+1-165-641-7606x58790
878,Richardson-Jones,Supermarket,"4052 Brown Gateway
Port Susan_ MT 01391",Tracyfort,141-172-8997x285
879,Hughes Ltd,Supermarket,"Unit 7379 Box 0879
DPO AP 36544",Lake Michael,(512)654-3742x7158
880,Johnson-Brown,Catering Service,"06136 Jessica Parkways
Littletown_ CA 68113",Sheenashire,252-571-8129
881,Hall_ Taylor and Anderson,Restaurant,"22046 Barry Turnpike Apt. 458
Wilsonshire_ GA 77403",New Jenniferbury,001-595-456-3203
882,Freeman_ Allen and Castaneda,Supermarket,"58124 Reeves Stream Suite 880
Dayfurt_ IA 16577",Jenniferville,(162)139-2884
883,Lewis_ Wagner and Solis,Supermarket,"250 Chloe Common
South Elizabethbury_ NH 23690",New Jacob,001-094-480-8706
884,Hill-Anderson,Grocery Store,"500 Jones Circles Apt. 341
Brendaside_ NJ 13591",Robinsonfort,-10034
885,Spears_ Anderson and Huffman,Restaurant,"4257 Roberto Squares
New Timothyhaven_ NY 01630",Lake Stephen,1906277080
886,Gentry and Sons,Restaurant,"913 Katrina Mountains Apt. 164
East Thomas_ NJ 59999",New Tiffanystad,(845)076-7276
887,Preston-Smith,Supermarket,"18358 Moore Spring Suite 713
Gordonshire_ MT 45298",Strongmouth,(813)326-3277x75776
888,Schmidt-Alexander,Supermarket,"96966 Smith Expressway
Lauraburgh_ MD 50475",West Sharonview,(616)029-0456x6126
889,Bass LLC,Restaurant,"7188 Zachary Views
Lake Nicolehaven_ AL 24903",Owensstad,996.149.6393x30141
890,Simpson_ Mcguire and Brown,Restaurant,"950 Dawn Mountains
New Robert_ MI 58996",Pereztown,274.464.1201x34627
891,Walter-Stevens,Supermarket,"32820 Lozano Fork
Emilybury_ HI 03708",Charlesland,-3698
892,Flores-Wade,Grocery Store,"43443 Campbell Highway
Ricetown_ MA 95006",Russellfurt,525-492-4716
893,Cooper_ Harvey and Jordan,Restaurant,"241 Ethan Gardens Suite 016
Kevinshire_ MD 90518",Gomezfurt,119-434-3757
894,Fowler-Morgan,Restaurant,"684 Mike Mission Suite 131
East Sharonmouth_ ME 61479",Cannonside,+1-427-871-1303x0408
895,Greer-Frye,Grocery Store,"424 Ryan Circle
Kellymouth_ MT 70307",Padillamouth,(725)767-4070x399
896,Marquez_ Reid and Kramer,Grocery Store,"8981 William Extension Apt. 848
New Jenniferport_ RI 49072",Weberfurt,001-319-584-3389x9156
897,Stephens-Braun,Catering Service,"657 Charles Streets
North Carolineberg_ AR 77518",Villastad,001-744-282-3182
898,Wilson Group,Restaurant,"Unit 6637 Box 3119
DPO AP 06435",Medinatown,4943539272
899,Jackson_ Lee and Hodge,Catering Service,"5326 Christian Trail
Port Hectorstad_ NH 21079",North Steven,001-319-954-4598x21954
900,Campbell_ Peterson and Nixon,Catering Service,"USCGC Sullivan
FPO AE 70797",West Peter,001-080-950-9405x3327
901,Galvan Ltd,Supermarket,"053 Richard Glens
Port Tanya_ AR 46804",West Melissastad,6379149942
902,Parsons Ltd,Supermarket,"13271 Michael Way Apt. 244
South Jennifer_ AK 74009",Port Robertport,445-558-2787x92329
903,Galloway_ Hall and Oconnell,Catering Service,"08907 Paige Canyon Suite 640
West Michaelborough_ RI 85483",Lake Kari,(558)699-9188x092
904,Smith-Morales,Grocery Store,"92861 Megan Extension Apt. 163
Jacobsburgh_ MD 32991",West Miaside,481.162.2452x4959
905,Ayers LLC,Restaurant,"901 Pacheco Dale
Robertport_ OK 20674",North Kennethshire,(922)213-3651x61067
906,Wright LLC,Supermarket,"PSC 1473_ Box 2158
APO AE 95836",West Kevin,001-515-383-6029x214
907,Sanchez PLC,Supermarket,"48910 Gordon Pike Apt. 720
Quinnshire_ AK 79288",South Marthahaven,539-966-9767x99956
908,Martinez-Young,Supermarket,"1821 Davis Estates
Dawnstad_ ND 73249",East Phillipton,(448)182-4708
909,Gibbs_ Green and Krause,Restaurant,"9340 Dalton Junctions Suite 998
Tiffanymouth_ SD 76155",Sheilaburgh,001-228-747-8247x18530
910,Lee PLC,Restaurant,"886 Mark Plain Suite 687
Lake Nicholashaven_ MN 43931",Leeburgh,346.517.7901x471
911,Alexander PLC,Restaurant,"28329 Gary Courts
East Jonathan_ KS 04105",Garciatown,599-601-7460
912,Morrison LLC,Catering Service,"Unit 7525 Box 7976
DPO AA 30814",Blaketown,776.420.3183
913,Crosby Group,Grocery Store,"81218 Peter Rest Apt. 173
East Caitlinport_ NV 39150",Erikatown,+1-307-053-5303x7456
914,Whitaker Group,Catering Service,"59776 Perry Turnpike Apt. 615
South Howard_ HI 48266",Garciaberg,139.400.8463x7894
915,Morton_ Perry and Lopez,Grocery Store,"61563 Hendrix Viaduct Suite 566
Lake Harryton_ MA 17987",Port Raymondburgh,(870)361-0934x3633
916,Davis and Sons,Catering Service,"551 Huynh Trail Apt. 373
Lake Kevinton_ KS 39284",Patrickfort,965.266.3582
917,Moore_ Peck and Cox,Supermarket,"827 Pace Unions Apt. 620
Paulhaven_ RI 85075",New John,001-403-232-7921
918,Wilson-Medina,Grocery Store,"PSC 7795_ Box 8364
APO AE 31123",East Heather,(536)020-7040x308
919,Cruz-Davis,Supermarket,"032 Suarez Pine Apt. 241
Port Anthonyborough_ IN 97036",Port Tanyaburgh,(126)595-1397
920,Hudson_ Spence and Perez,Restaurant,"52439 April Lodge
Timothyburgh_ MS 86772",New Calebberg,2329447078
921,Oliver-Orr,Grocery Store,"56629 Tara Alley Apt. 226
South Adrianchester_ NE 12389",Lucasmouth,(291)397-0048
922,Villegas Inc,Restaurant,"648 Maria Gardens
New Charles_ NM 12489",Lake Michael,3387210560
923,Rodriguez Inc,Supermarket,"937 Murray Turnpike
Lorrainestad_ RI 37088",Jonestown,1383312143
924,Rosales-Dillon,Supermarket,"462 Nicole Common
Wheelermouth_ VA 10670",Port Donnamouth,259.371.8249
925,White Ltd,Restaurant,"04589 Cole Highway Suite 011
Sheltonbury_ MN 56672",East Jesse,(870)515-3806
926,Perkins Ltd,Grocery Store,"6749 Stewart Trace
New Thomas_ KY 96239",North Chase,-3776
927,Clark-Miranda,Catering Service,"54388 John Bypass Suite 842
New Kimberly_ AL 69199",East Benjaminland,001-517-180-8109x1808
928,Larson and Sons,Catering Service,"5591 Kathleen Route Apt. 687
South Paul_ NC 69885",Zimmermanton,152.836.4864
929,Allen LLC,Catering Service,"11055 Hayes Island Suite 805
Cynthiatown_ ME 65521",Lake Richardhaven,474-088-6934
930,Cannon-Garcia,Restaurant,"18680 Krystal Inlet Apt. 200
East Janettown_ MO 64497",Kellytown,9421508200
931,Phillips-Bradley,Supermarket,"6479 Beverly Club
East Karen_ IN 38784",South Allisonburgh,001-645-494-2603
932,Jones_ Allison and Ellison,Supermarket,"95536 Hunt Harbor Apt. 227
North Alexisbury_ AR 45373",New Ginaborough,(692)324-3942x4267
933,Jimenez-Ramirez,Catering Service,"29016 Patricia Turnpike
North Jeffreymouth_ VT 07661",Anthonyborough,(406)401-4554x74878
934,Nelson and Sons,Grocery Store,"8015 Meyer View
South Bobby_ MN 09536",Steveport,+1-114-068-7855x4731
935,Frazier-Sanders,Grocery Store,"5099 Campbell Falls
Port Paulmouth_ AK 72465",Ramseyfort,001-581-378-3772x04562
936,Velazquez_ Mitchell and Mcintyre,Supermarket,"64520 Joshua Parks
South Johnfurt_ TN 61990",Lisaborough,533.325.7699x38436
937,Taylor Group,Restaurant,"14689 Scott Gateway
North Curtis_ RI 22825",Roachhaven,(903)301-8467x005
938,Barker LLC,Restaurant,"5999 Brenda Trail Apt. 807
Amberstad_ VT 22034",Hollyhaven,+1-530-780-2072x25507
939,Reyes and Sons,Catering Service,"2706 Samantha Ferry Suite 785
Kevinborough_ SC 54085",New Monicaside,9608634637
940,Bradley-Martin,Grocery Store,"145 Diana Circle Suite 342
North Michelle_ AZ 40121",Williamsshire,+1-131-571-0529x38557
941,George Group,Catering Service,"20833 Huffman Plaza
East Kevin_ MN 53076",Port Allisonland,001-335-284-7048x76955
942,Miller LLC,Grocery Store,"7974 Matthew Hill Suite 293
Lake Christopherstad_ MN 36854",West Stephenside,(870)001-4338
943,York-Ferguson,Supermarket,"157 Woods Cliffs
East Arthur_ MS 76614",Lake Devon,(122)877-3794x96948
944,Miller-Bennett,Supermarket,"141 Benjamin Inlet
Cisneroston_ VA 34027",Campbellbury,688-080-1814x29732
945,Young-Wu,Grocery Store,"6293 Higgins Viaduct Apt. 488
Elizabethmouth_ MA 47397",Tamaraside,516-871-5874x60724
946,Brock_ Newton and Mccormick,Catering Service,"3043 Aguilar Mission
Coltonbury_ KS 26858",Roystad,(699)849-3966x8395
947,Melton_ Olson and Foster,Catering Service,"886 Griffin Ports Apt. 205
Port Hayden_ OH 11566",Lake Regina,+1-427-165-5121x1214
948,House-Bates,Supermarket,"48407 Hall Cliffs
Lake Traceymouth_ MD 10524",West Lisamouth,+1-910-582-8983x79304
949,Jackson_ Howe and Gentry,Supermarket,"Unit 6067 Box 3679
DPO AA 63953",Lake Deborah,071-338-9174
950,Robinson-Gibson,Supermarket,"699 Brenda Landing
Petersstad_ NH 95795",South Zacharymouth,001-313-085-7612
951,Hodge_ Lee and Washington,Grocery Store,"2730 Shannon Mall Apt. 069
Owensburgh_ MO 32097",Spenceland,2321569552
952,Harris_ Mcdonald and Taylor,Grocery Store,"0039 Alexander Terrace Apt. 565
Aprilborough_ MI 33494",Samueltown,-10111
953,Obrien-Zhang,Supermarket,"29928 Hawkins Glens Suite 830
Millerfort_ AK 35617",West Abigailtown,(766)455-6356
954,Herrera LLC,Catering Service,"03238 Singh Mill Apt. 542
Donaldburgh_ IL 63546",Randallchester,8412901538
955,Williams PLC,Catering Service,"0627 Keith Ferry Apt. 778
North Melaniechester_ NY 94824",Wrightville,(730)287-3289
956,Haynes_ Barnett and Wiley,Supermarket,"70012 Lucero Stravenue
Floresbury_ CA 62305",Lake Lindsey,980.273.6877
957,Rice and Sons,Grocery Store,"06266 Roberts Corner
Jamiemouth_ ME 21665",South Tina,001-128-988-1441x190
958,Patel Ltd,Restaurant,"892 Brandy Village
Deborahshire_ AK 22864",Lake Vanessaland,(694)214-7175
959,Stanley PLC,Grocery Store,"3255 Steven Falls Apt. 575
South Ashleyton_ NM 59651",North Victoriastad,001-428-241-5858x19231
960,Jackson_ Shelton and Mayer,Supermarket,"6472 Michelle Drives
Lake Robert_ VA 54017",Port Lance,+1-140-191-0616x7900
961,Davis_ Sanchez and Mendez,Restaurant,"78391 Susan Landing Apt. 690
Cheyennefort_ WI 89189",New Amanda,001-696-690-2244
962,Galloway-Henderson,Catering Service,"Unit 2168 Box 9786
DPO AA 06880",Alexanderchester,001-867-928-0212x3211
963,Johnson PLC,Supermarket,"38009 Oconnor Prairie
Janicemouth_ MS 31632",East Bernard,(764)089-8990x152
964,Graham and Sons,Catering Service,"379 Thomas Roads
Harrisport_ DC 76335",Connieside,+1-328-744-4361x89629
965,Oconnor Ltd,Restaurant,"49967 Victoria Union Suite 176
Watkinsport_ NC 14235",Port Bryce,+1-484-031-6824x10667
966,Rivers_ Pena and Davies,Restaurant,"Unit 9564 Box 1583
DPO AA 18894",Christopherside,392.087.3295
967,Miller Inc,Grocery Store,"97290 Stephanie Mountains Apt. 247
Lindseyburgh_ WY 63235",Coleburgh,+1-926-386-9945x8729
968,Robinson_ Schaefer and Foster,Restaurant,"83418 Joshua Place Suite 333
Nathanielborough_ IN 28904",Christopherton,+1-235-607-0553x247
969,Hayden PLC,Catering Service,"51093 Richard Corners Apt. 086
Rossmouth_ MS 72720",Port Christopher,619.534.3215
970,Lewis_ Preston and Price,Catering Service,"6974 Paul Estate
Lake Jacob_ NV 24380",Jeffreybury,6685913720
971,Scott_ Davis and Mcbride,Restaurant,"89161 Christine Track Suite 497
Andreachester_ MD 90839",Port Daniel,001-797-318-7062
972,Hurst_ Lee and Sims,Supermarket,"20729 Martinez Locks
West Katie_ KS 29229",Port Melissa,521-004-0816
973,Watson LLC,Supermarket,"29574 Scott Flats
Jamestown_ ME 66124",New Larry,8591148922
974,Jackson LLC,Grocery Store,"61454 Ryan Well Suite 025
East Aprilside_ IL 12106",Moralesberg,(589)951-5870
975,Lowe Ltd,Catering Service,"234 John Rue
Hendrixport_ AZ 46361",East Robertton,(326)145-6491x608
976,Robinson_ Rodriguez and Reilly,Restaurant,"53064 Danny Centers Apt. 116
New Nicole_ WY 40193",Davisview,317.522.3773x348
977,Anderson and Sons,Restaurant,"1110 Martin Square Suite 965
West Anthony_ VT 13086",South Jessicachester,759-596-1190x656
978,Lewis-Anderson,Catering Service,"29974 Becker Hill Apt. 666
Pattonfurt_ NJ 66040",Flemingport,7046259654
979,Gray PLC,Restaurant,"536 Joyce Locks Suite 818
East Catherine_ DE 59565",West Hunter,209.149.0656x397
980,Baker Group,Restaurant,"82725 Walker Parkway
Karimouth_ VA 07630",Port Melissa,808.838.1022x168
981,Glenn-York,Restaurant,"96371 Owens Mountains
North Daniellestad_ WI 11685",West Stevenport,(063)458-3909x33019
982,Martinez PLC,Grocery Store,"93509 Solomon Station
Sarahview_ NH 55581",Westbury,944-129-2371x8219
983,Munoz_ Stone and Wallace,Grocery Store,"739 Adams Alley
Vangborough_ IN 50041",Herbertbury,(041)135-3095x826
984,Gamble-Davis,Catering Service,"6516 Natalie Parkway Apt. 359
Port Angelicaville_ OK 74292",South Edwardtown,298.868.0798x375
985,Frey PLC,Restaurant,"4394 William Island
West Beth_ OR 77721",Harrisonbury,(890)661-5455
986,Wilson_ Harris and Mayo,Supermarket,"075 Kim Vista Suite 910
South Natashaberg_ WA 02431",Port David,+1-875-361-7836x21117
987,Harris_ Santos and Roberts,Supermarket,"6861 Steven Isle Apt. 138
South Blake_ KS 26018",South Kevinhaven,001-664-346-8788
988,Morris_ Serrano and Roberson,Grocery Store,"29137 Williams Summit Apt. 780
Fullerton_ WA 63589",East Laura,+1-355-010-3614x2052
989,Williams-Aguirre,Grocery Store,"6861 Tiffany Junction Apt. 176
Farleyfurt_ HI 39406",North Lauren,205-999-3497
990,Jones PLC,Catering Service,"2646 Hull Wall Apt. 985
Valenciamouth_ TN 58725",Lake Latasha,+1-231-061-4929x4353
991,Spencer LLC,Supermarket,"63770 Jessica Falls Apt. 397
Chadton_ VT 61248",Stevensborough,+1-741-041-0721x937
992,Miller-Sanders,Grocery Store,"896 Karen Island Apt. 800
Johnsontown_ NJ 75055",Browninghaven,648.599.6844
993,Mckinney Ltd,Restaurant,"179 Fernandez Rapids
Campbellport_ MA 31352",East Stephanie,225-959-2378
994,Porter_ Hernandez and Pace,Catering Service,"3564 Hutchinson Shore
South Danielle_ DC 15667",Amyport,001-279-802-3400x771
995,Moore Group,Supermarket,"46915 Maynard Dam Suite 320
North Alyssa_ CA 48762",Manningshire,889-093-8775x51762
996,Vasquez_ Ruiz and Flowers,Restaurant,"84308 Justin Stravenue
New Amberside_ NE 53447",Williamview,+1-319-378-7627x0682
997,Garza-Williams,Catering Service,"08864 Figueroa Radial Suite 948
Jennaberg_ AZ 21207",East Rossside,001-924-441-3963x746
998,Novak Group,Grocery Store,"934 Zachary Run
Melissamouth_ WY 02729",Joshuastad,(903)642-1969x3300
999,Moody Ltd,Grocery Store,"17580 Ernest Hills
Lake Michaelmouth_ OR 56416",Stevenchester,637.300.3664x4880
1000,Jenkins-Brooks,Restaurant,"53390 Evans Rapids Suite 982
Lake Meghan_ MO 44235",Brendantown,266-324-3458x95775
