Provider_ID,Name,Type,Address,City,Contact
1,Gonzales-Cochran,Supermarket,74347 Christopher Extensions Andreamouth_ OK 91839,New Jessica,1299
2,Nielsen_ Johnson and Fuller,Grocery Store,91228 Hanson Stream Welchtown_ OR 27136,East Sheena,+192528389016297
3,Miller-Black,Supermarket,561 Martinez Point Suite 507 Guzmanchester_ WA 94320,Lake Jesusview,0015172952206
4,Clark_ Prince and Williams,Grocery Store,467 Bell Trail Suite 409 Port Jesus_ IA 61188,Mendezmouth,5569448935401
5,Coleman-Farley,Grocery Store,078 Matthew Creek Apt. 319 Saraborough_ MA 53978,Valentineside,1937146577
6,Lawson-Walters,Grocery Store,1889 Barnes Gateway Adamview_ ID 87971,Shannonside,144860607460544
7,Ortiz-Lee,Restaurant,1842 Villarreal Shores Williamfort_ CT 44529,Lake Christopherburgh,5638897190
8,Curtis-Lewis,Supermarket,4770 Miller Light Suite 260 New Charlesville_ AR 97075,Washingtonville,+152102781203301
9,Nguyen Inc,Supermarket,169 Scott Keys Suite 000 East Michelle_ HI 57025,Tinamouth,8986092609844
10,Hall_ Nguyen and Martinez,Catering Service,71458 Mark Field Apt. 252 North Alexland_ TX 02693,West Cherylfort,740949248040566
11,Flores_ Jackson and Ford,Supermarket,0663 Paul Field South Haileyshire_ AL 19652,South Robert,2765274329
12,Miller Ltd,Supermarket,508 White Mission Apt. 893 Bryantborough_ WV 79111,East Williamburgh,0019090214559
13,Parker_ Flores and Jennings,Restaurant,117 Jasmine Isle Apt. 604 South Ryanville_ MN 41933,Nicolefort,5166268840
14,Nguyen-Tran,Catering Service,65833 Anthony Ridges Williamsmouth_ IA 42157,Garciamouth,+1899619455762932
15,Valdez-Diaz,Grocery Store,03142 Jones Trail Suite 601 Walkerton_ AL 61502,West Theresaberg,0465449977
16,Brown and Sons,Catering Service,1745 Chan Ridges Ginaville_ OK 07163,West Vanessafort,018471055016593
17,Miller Ltd,Catering Service,355 Rogers Ferry Suite 116 East Stevenburgh_ MD 93961,West Dawn,876537986193433
18,Edwards-Turner,Restaurant,277 Ashley Wall Suite 063 Kimberlyshire_ SC 60998,Cassandraville,361706688942826
19,Davis Ltd,Supermarket,USCGC Taylor FPO AA 68109,South Melanieshire,11762493943533
20,Drake-Martinez,Catering Service,22920 Carpenter Turnpike Apt. 652 New Steven_ AR 33177,East Samantha,00145421235106135
21,Cross Group,Grocery Store,802 Daniel Highway Lake Sabrinamouth_ DE 52427,Port Corystad,17098990401296
22,Miller-Carter,Catering Service,44329 Hendrix Land Port Christine_ AL 43242,Port Lisamouth,5657
23,Johnson Ltd,Supermarket,32366 Kathy Fall Rodriguezton_ NH 27984,Bradleyborough,91650913964499
24,Black_ Collins and Richard,Supermarket,643 Galvan Burgs Fletcherhaven_ AZ 86988,Hestermouth,266040966408185
25,Gutierrez-Palmer,Grocery Store,019 Avila Station Lake Dennisborough_ AZ 84988,Anitashire,15529278322085
26,Hansen Inc,Grocery Store,9402 Corey Avenue Jamesland_ AL 54220,West Adammouth,4643112342
27,Lester Inc,Supermarket,3187 Brittany Overpass Suite 160 Lake Elizabeth_ CO 63236,New Natasha,00103703158997076
28,Wright Ltd,Restaurant,69921 Sullivan Manor Apt. 996 Russellport_ ME 99724,Jessestad,8501754730
29,Andrews-Wiley,Grocery Store,37741 Edward Green Apt. 840 Whiteport_ WY 68558,Patrickmouth,+1657214601308444
30,Rodriguez PLC,Catering Service,88798 Dustin Lane Suite 892 Port Jessicaville_ KY 16461,West Pamelaborough,2270804918858
31,Thompson-Kerr,Grocery Store,123 Barber Divide New Stephanie_ KY 35738,South Kellyberg,7866417043
32,Lawrence PLC,Catering Service,35759 Baker Center East Allisonville_ WA 47206,Jameschester,+116154011274461
33,Miranda_ Wilcox and Short,Restaurant,208 Williams Fields Suite 324 New Robert_ MN 13700,Janetborough,7111364426
34,Cooper_ Smith and King,Grocery Store,439 Barnes Courts Apt. 349 South Gregory_ MO 73315,North Garybury,+1812193070461726
35,Nguyen-Parsons,Grocery Store,23683 Paul Groves Suite 174 Vegaville_ IA 58578,Andersonmouth,6386686852
36,Powell Inc,Restaurant,7278 Jesse Fall Mitchellfort_ SD 79576,Cindyshire,6683195716
37,Phelps-Schmidt,Catering Service,689 Riley Villages South Jose_ LA 55827,New Amanda,0010488861039
38,Lawrence LLC,Supermarket,USNS Decker FPO AE 46703,Perkinsbury,5808885964
39,Fernandez-Bridges,Supermarket,77717 Amanda Plains Apt. 231 Danielberg_ CA 13392,Brittanyville,0017141750277076
40,Robinson PLC,Restaurant,59437 Schneider Villages Suite 050 South Derek_ NM 07539,Jennifertown,9258829055
41,Kelly-Ware,Catering Service,482 Bush Island Wrightburgh_ MI 64397,Bentleyburgh,0339697445782
42,Austin-Yu,Grocery Store,482 Lisa Viaduct Shirleyberg_ IL 95427,East Nicholasbury,+1392878066694428
43,Martinez_ Johnson and Torres,Supermarket,66956 Carter Lakes Apt. 029 New Matthewview_ OK 90573,South Karen,2509198579
44,Torres-Perez,Supermarket,9114 Becky Junctions Hillhaven_ WV 14750,Jamesville,264170047803197
45,Butler_ Kennedy and Cowan,Catering Service,Unit 7100 Box 9890 DPO AP 52163,East Deniseborough,704033676072290
46,Fisher_ Hernandez and Webster,Grocery Store,8490 Valdez Ports Suite 007 Port Jeremy_ NV 85800,South Lisaberg,871801839799626
47,Wong-Reese,Supermarket,9078 Jeffrey Drive Suite 439 Lake Jasonberg_ RI 48655,East Andrewland,4836254097
48,Conway-Barr,Restaurant,597 Contreras Roads South Hannah_ RI 04553,Timothyview,+18203395162911
49,Miller_ Braun and Graham,Supermarket,USS Roberts FPO AE 04254,Lake Traceyburgh,00170420158181702
50,Perez-Williams,Catering Service,956 Joseph Ford Apt. 098 Moorestad_ LA 74730,West Danielborough,305890219191055
51,Shaw Inc,Restaurant,163 Kenneth Lake Gentrystad_ IN 23606,Rebeccabury,7059011779
52,Buck-Carey,Supermarket,3155 Strickland Lakes Nelsonview_ MN 90401,Port Dianaberg,+1163218361958525
53,Wolfe and Sons,Supermarket,5146 Robbins Spring Danielshire_ NY 94988,Lake Allen,0011879143723273
54,Bennett_ Phillips and Green,Supermarket,Unit 0882 Box 8764 DPO AE 00627,Lake Rachael,0013505800382854
55,Wilson-Brown,Grocery Store,220 Rachel Trace Port Mark_ AK 17083,Danachester,00147316361962386
56,Morris Ltd,Catering Service,03207 Paul Shoals Thomasshire_ AR 89205,Michaelview,6547512531515
57,Cook Group,Grocery Store,6432 Guzman Estates Lake Rebeccaborough_ CA 35184,Port Robin,9832957995
58,Martin_ Tyler and Wilkerson,Grocery Store,334 Bishop Fort Suite 958 Port Jorge_ NM 10652,North Kevinhaven,+1287799593317852
59,Warner_ White and Morris,Grocery Store,92097 Simmons Cape Arthurchester_ AL 44273,Marissaville,0019472802490
60,Parker-Campbell,Restaurant,USNS Williams FPO AE 15960,Wilsonport,0069588829497
61,Arnold_ Russo and Foster,Supermarket,PSC 8521_ Box 0417 APO AP 22766,Lake Joelshire,71756494264690
62,Mitchell_ Campbell and Jones,Grocery Store,760 Hall Dam Jenniferstad_ MI 28752,Marymouth,0013560241560512
63,Fuller_ Vincent and Fernandez,Supermarket,Unit 8327 Box 2560 DPO AP 34781,Mcclainfurt,2686458829
64,Mullen LLC,Supermarket,373 Moody Manor Johnfurt_ CT 63966,South Michaelhaven,0011348115840300
65,Fletcher Inc,Grocery Store,5294 William Underpass North Angelaborough_ TN 26906,Lake Raymondton,6960
66,Lambert-Wilson,Restaurant,2162 Johnson Field East Caroline_ AZ 13953,Lake Michaelfurt,+15526901512083
67,Shannon Ltd,Restaurant,8692 Adam Passage Davidland_ WI 15372,Kentland,40144123668513
68,Sherman-Wolfe,Supermarket,0312 Garcia Ferry Port Deannaberg_ DC 72769,North Elizabeth,0017976281681740
69,Williams PLC,Grocery Store,Unit 6990 Box 6326 DPO AA 08563,Cummingstown,001683268421077233
70,Cook_ Stanley and Wallace,Supermarket,1492 Thomas Route East Hannah_ HI 37830,Lake Kyle,0014163229367
71,Jones-Edwards,Restaurant,861 Martinez Junctions Smithburgh_ WA 68091,Ruizmouth,0771058283
72,Ward_ Shepherd and Krause,Catering Service,224 Burns Camp Christopherborough_ VA 76601,Jasonstad,6898
73,Walker-Richards,Grocery Store,082 Nancy Summit Apt. 187 Hurleychester_ PA 09363,West Benjamin,9162
74,Johnston Ltd,Catering Service,58406 Pamela Mission Leestad_ OH 88592,Belindaville,5630753213
75,Douglas PLC,Supermarket,130 Lowe Cove Suite 161 South John_ LA 62264,Rodneystad,7650701698
76,Clark-Estes,Restaurant,1854 Michael Locks Suite 076 Shaneland_ AZ 73210,Port Amandamouth,001879812012619146
77,Golden-Phillips,Catering Service,25069 Ramirez Springs Suite 233 West Jamestown_ IL 50100,New Rhonda,1139007657
78,Frazier LLC,Restaurant,115 Danielle Oval Apt. 679 Port Jessica_ AZ 21218,North Susan,5883270069
79,Holmes Inc,Restaurant,USS Le FPO AP 30394,West Danieltown,93537423999900
80,Miller-Moore,Grocery Store,1920 Jody Burg Danaview_ NY 16941,Lake Dennischester,427783471776277
81,Harris Ltd,Grocery Store,70117 Danielle Plaza Bartonview_ NV 38788,North Michelle,508454994738541
82,Carey-Richardson,Supermarket,352 Moore Greens Suite 745 Deborahtown_ NV 83580,West Lauraborough,468906075592529
83,Owens-Williams,Grocery Store,USCGC Farrell FPO AA 90914,West Julianburgh,7190900487482
84,Atkins Group,Restaurant,2205 Sharp Junction Suite 771 Drakefurt_ KY 14437,Marthaside,+1318669698563710
85,Larson Ltd,Catering Service,335 Roberts Neck Apt. 867 Samanthaborough_ RI 60340,Christopherstad,370601051289954
86,Murphy-Boyd,Catering Service,7105 James Overpass Wilsonberg_ NC 47111,New Michelle,3879627399435
87,Young_ Townsend and Mccarthy,Grocery Store,4577 Shannon Tunnel Suite 786 Jamesview_ CT 96322,West Adam,00128657928101913
88,Oliver_ Williams and Rich,Restaurant,2297 Dunlap Plains South Shannon_ MT 97282,Salastown,+150925596844064
89,Stewart-Page,Restaurant,8433 Villegas Tunnel Suite 183 Lake Sarahview_ UT 79121,New Richard,8167527440258
90,Miller Group,Supermarket,8851 Powell Cliffs Apt. 635 South Michael_ MO 83778,Lake Kristentown,001311806009837361
91,Rivera LLC,Supermarket,4769 Mark Curve Sparksstad_ OR 98308,North Ronaldburgh,8128386129912
92,Cruz-Day,Catering Service,98104 Goodman Extension Smithport_ PA 37878,East Melissa,2669825975
93,Davis_ Vaughan and Shepherd,Supermarket,89992 Quinn Plain Apt. 912 North Laura_ IN 05742,New Daniel,14715120236618
94,Cuevas_ Smith and Rowe,Grocery Store,7503 Mclaughlin Crescent Suite 498 Davismouth_ DE 08450,Brennanstad,2866710956
95,Orr Inc,Supermarket,5940 Klein Junctions Jenniferborough_ PA 44116,Christinaland,10371
96,Pierce_ Walsh and Rogers,Grocery Store,8840 Edwards Square Suite 343 Kimside_ NE 41307,Deborahland,+10650245251529
97,King-Snyder,Supermarket,615 Barnett Circles Jamesfort_ CT 76455,Reyesshire,+1494177052017816
98,Hogan-Johnston,Supermarket,00006 Amy Wall Apt. 134 Zimmermanborough_ PA 57869,Gardnerfort,1844726932
99,Walsh-Day,Supermarket,815 Mary Via Allenborough_ LA 80578,South Louis,3853875081
100,Greene-Garcia,Catering Service,USS Smith FPO AE 39123,Mooreview,1558466299
101,Chambers-Waters,Restaurant,56762 Kimberly Light Suite 474 Matthewmouth_ UT 45275,East Angelafort,001230322344838934
102,Hester_ Bowers and Carpenter,Grocery Store,913 Jennifer Mountain Suite 645 Burnsborough_ VT 02798,West Samantha,+16999115500712
103,Russell-Summers,Catering Service,84247 Emily Fords Apt. 478 North Michael_ RI 76457,Port Michaelshire,314232393608469
104,Jackson LLC,Catering Service,254 Brandon Lodge Michaelton_ NE 66307,Lake Theresa,0014889057389
105,Carr-Schaefer,Restaurant,67643 Matthews Club East Jennifer_ ID 54291,Davidchester,1569513996201
106,Moreno Group,Catering Service,6631 Guerra Ramp Apt. 479 Valeriefort_ SC 39501,Lopezmouth,4311532913530
107,Pollard_ Tyler and Davis,Restaurant,120 Johnson Mountains New Daniel_ WI 58864,West Lauraborough,7599766878
108,Williams-Cox,Supermarket,400 Ross Radial Francomouth_ MT 80264,East Austin,0821142329
109,Powell_ Norton and James,Catering Service,0621 Nixon Ridge New Ryanton_ WV 87834,North Carmen,816856076622957
110,Figueroa-Soto,Grocery Store,113 Donna Pass Port Michaelchester_ NE 39187,South Kellyville,5994420494
111,Ball-Church,Supermarket,096 Robin Walks Suite 454 Foxburgh_ NC 51501,South Davidside,3527644709
112,Webb_ Graves and Harrison,Restaurant,3538 Fields Vista Suite 058 West Sonya_ IN 53745,East Courtneymouth,935714913434359
113,Anderson_ Nicholson and Bruce,Catering Service,8546 James Fields Apt. 534 Hallborough_ AL 55990,East Elizabethberg,+127472000331795
114,Barnett-Graves,Restaurant,748 Reilly Mission Apt. 036 Aguilarfurt_ NM 08053,Lake Katherinechester,40902799231761
115,Wells-Davis,Grocery Store,16029 Lisa Junctions Port Mary_ AZ 64519,Floresville,322221061989960
116,Mcdaniel-Morales,Grocery Store,683 Damon Groves Port Michael_ NE 84293,Moseshaven,0017028363122
117,Morales_ Wood and Cox,Restaurant,046 Madeline Plain Apt. 669 Smithbury_ MS 53261,Amberton,468025072172227
118,Evans-Harrison,Supermarket,2430 Michael Branch Lake Brian_ CA 67262,Lake Joseph,066832718965581
119,Yates-Mills,Restaurant,PSC 9917_ Box 2733 APO AE 68445,Port Kathleen,9540850479
120,Burns-Davis,Restaurant,100 Jill Trail Suite 664 Danielmouth_ TX 62651,New Lisa,+1749554248264065
121,Glover Inc,Grocery Store,75912 Brett Parks West Lawrenceburgh_ TN 53383,South Kelly,769689596420301
122,Mosley-Hernandez,Catering Service,02866 John Causeway Markberg_ RI 91177,Tyronebury,+14771592443576
123,Stephens-Stephens,Grocery Store,794 Horne Track Apt. 542 East Mariaport_ AK 95122,East Meganfort,+19708188098124
124,Allen_ Zimmerman and Harrington,Supermarket,PSC 7915_ Box 6921 APO AE 81937,Lake Shelby,832646111486947
125,Brown-Grimes,Supermarket,71570 Jason Spurs Apt. 697 Melissaton_ ID 56125,Lake April,49202902853479
126,Jackson_ Gonzalez and Smith,Supermarket,99197 Jensen Inlet Juliaside_ AK 27283,New Rodneyville,59065202644365
127,Vasquez LLC,Restaurant,70060 Chelsea Trace Suite 180 Lopezburgh_ AR 16869,Jasonland,7319473123
128,Martinez-Downs,Catering Service,38440 Jonathan Pine Suite 612 Millshaven_ CO 77071,Port Mariefort,+17368531037942
129,Hicks Ltd,Restaurant,4349 Michael Fort South Melissa_ ND 26423,Port Emily,5107998149819
130,Nelson-Tran,Catering Service,Unit 6111 Box 7557 DPO AA 52174,New Daniel,4499
131,Spencer_ Martin and Romero,Restaurant,42751 Jose Junction Suite 390 New Johnnyberg_ MS 26952,Scottton,333579474945469
132,Walker-Knox,Catering Service,353 Donald Tunnel Apt. 330 Fisherview_ IA 09906,Huntermouth,+17875577905551
133,Baker LLC,Catering Service,881 Thomas Valleys Apt. 842 South Danielleland_ OR 09264,South Michaelberg,4235705106
134,Cook Ltd,Supermarket,15130 Parker Hill Adkinsville_ MN 48860,West Melissa,34095971884581
135,Dyer Group,Catering Service,601 Kent Mills Apt. 098 New Robertstad_ NY 73393,East Candace,9069001026
136,Gordon_ Davis and Gonzalez,Grocery Store,48332 Richard Radial South Christinafurt_ MS 38651,Lamberttown,00154971770067763
137,Pena and Sons,Supermarket,48061 Thomas Mission Stephensmouth_ NC 22128,East Alexisberg,3517599512
138,Jones_ Rojas and Brown,Grocery Store,3671 Hansen Loaf Port Nicholas_ VT 97420,North Sherrimouth,490519349003679
139,Johnson-Ray,Supermarket,3639 Jones Brooks South Matthew_ VA 33223,Port Connie,29469279783473
140,Zhang LLC,Restaurant,6343 Sanders Park Suite 844 Port Brendaton_ FL 49650,Watsonstad,00194367988694358
141,Rodriguez PLC,Grocery Store,03072 Stephen Terrace Suite 003 Lake Brandon_ TX 93484,Port Manuel,0013389629433726
142,Myers_ Kelley and Riley,Catering Service,374 Murray Run Port Sarahview_ CA 10295,Mitchellmouth,00191286559439580
143,Luna_ Padilla and Torres,Grocery Store,7550 Kevin Inlet Suite 004 Roweton_ CT 19578,Samuelville,7363126794
144,Johnson_ Harris and White,Catering Service,PSC 5814_ Box 9023 APO AA 76560,Bellport,29347034646698
145,Rice-Woods,Grocery Store,802 Young Ramp Suite 344 Port Amy_ HI 07296,Kayleefort,+11807853704622
146,Hampton-Lee,Supermarket,994 Maxwell Squares Apt. 136 Browninghaven_ IA 33077,Jonathanhaven,6631192623961
147,Nguyen-Shaffer,Catering Service,538 Charles Unions Port Jessica_ MD 31072,West Trevorview,0402589118
148,Perry_ Cabrera and Owens,Grocery Store,97775 Rice Forks Johnsontown_ RI 35006,Annahaven,626321004018014
149,Lee LLC,Grocery Store,0886 Smith Glen Duncanmouth_ AL 18583,North Amber,010809080617359
150,Powers_ Clark and Snyder,Grocery Store,8675 Reed Crest Suite 904 West Wendyborough_ ID 45874,North Jamesberg,531341522002539
151,Butler-Newman,Restaurant,531 Christine Plains Apt. 814 New Randall_ GA 19091,Anthonyshire,+18322586208585
152,Rogers-Shaw,Catering Service,39253 David Common West Tyler_ NC 21196,South Jacobport,00152230559770080
153,Wu LLC,Restaurant,439 Oscar Mountains Suite 426 Lake Markmouth_ MI 84788,Hawkinsmouth,3501915139454
154,Smith-Turner,Supermarket,574 Jamie Mountains Apt. 480 North Timothy_ CA 92067,New John,0010847090706311
155,Bennett-Parker,Supermarket,17497 Michelle Path New Mariamouth_ UT 32031,Charlesview,7739661784
156,Johnson-Thompson,Catering Service,920 Todd Points Apt. 224 Elliottstad_ ID 85406,West Carolyn,2391639415
157,Rodriguez_ Walker and Singleton,Restaurant,3006 Fernandez Ferry Jamesview_ KS 30878,Bairdfort,9981665324
158,Shepherd Group,Catering Service,922 Nicole Neck Lake Danaton_ ID 65819,North Crystal,0017968316588
159,Wagner_ Cole and Thompson,Grocery Store,201 Hopkins Lakes Johnberg_ ND 15611,North Brooke,+15555956288290
160,Baker_ Warren and Kirk,Supermarket,PSC 7617_ Box 0188 APO AP 36602,Port Loganberg,00168777767461515
161,Campbell LLC,Supermarket,8423 Karen Trace Apt. 648 Johnland_ IA 21810,Perezport,001211446331574760
162,Moore_ Perez and Young,Restaurant,48313 Taylor Junctions Apt. 845 Petersborough_ VT 51814,Penabury,34540533729178
163,Jackson-Bishop,Restaurant,1596 Romero Ports Lake Jennifermouth_ ME 52335,Annetteburgh,5846608591
164,Yu-Rodriguez,Grocery Store,144 Armstrong Viaduct Apt. 561 East Ericchester_ UT 19438,Sylviabury,0175902372
165,Silva Group,Grocery Store,1541 Tara Forge Mathisshire_ DE 61123,Copelandchester,57248175
166,King_ Smith and Mullen,Grocery Store,9022 Harrington Path Susanport_ SD 73387,Lake Donaldmouth,49713695985778
167,Thompson-Turner,Catering Service,995 Campbell Mount Suite 129 Graytown_ MN 23216,Davidport,8979254252
168,Miller_ Williams and Lewis,Catering Service,69419 Michele Trail Apt. 911 Valdezville_ NY 53308,Wardton,56503587987950
169,Hines-Green,Grocery Store,121 Monica Loaf Charlesshire_ MO 59196,Lindseyland,0546265986842
170,Peters_ Chase and Davis,Catering Service,015 Steven Crossing Suite 882 Lake Brendaborough_ WV 97596,North Brentbury,+18130088889184
171,Jones_ Delgado and Marquez,Catering Service,67180 Christopher Parks Suite 702 Whitestad_ MI 84109,Williammouth,1866050066
172,Parker_ Macdonald and Espinoza,Grocery Store,708 Jones Estates Suite 598 Lake Samuel_ RI 75975,Garciaside,7760667306648
173,Greene Group,Supermarket,645 Acosta Circle Suite 351 Staceyburgh_ TN 64114,Myerschester,5522315655057
174,Gillespie_ Foster and Boyd,Grocery Store,Unit 1730 Box 5566 DPO AA 26190,North Carolfurt,00186250202217258
175,Olson Ltd,Catering Service,45318 Delgado Junctions Apt. 756 Jamesburgh_ IA 92476,Katherinefurt,1667
176,Allen-Mccullough,Restaurant,3715 White Gardens Apt. 568 South Sarah_ AK 76176,East John,8921994982
177,Turner-Ramirez,Supermarket,53362 Woods Viaduct Apt. 059 Ronaldview_ SC 94816,South Nicholasville,6796995497
178,Mcbride-Rogers,Catering Service,4742 Fischer Club Apt. 161 West Carrieview_ WA 33065,Scottchester,820665726501138
179,Lucas_ Bush and Miller,Supermarket,4664 Debra Row Apt. 580 Lake Stephen_ TX 87375,North Michelle,3334774489
180,Deleon_ Guzman and Porter,Grocery Store,94721 Schultz Neck Apt. 864 South Evanland_ WI 88166,South Jeffrey,8377
181,Black_ Montgomery and Hernandez,Restaurant,118 Karen Fields West Angelaport_ GA 22035,Taylormouth,001763656680110211
182,Wilson-Ortiz,Grocery Store,Unit 2603 Box 7875 DPO AP 30589,Port Jeffrey,3458892010
183,Elliott-Stephens,Grocery Store,240 Brian Circle Apt. 335 Morrowfurt_ KS 49845,South Anne,4160713611991
184,Norris-Townsend,Grocery Store,1117 Doyle Locks West Aaron_ MO 08423,Velazquezview,630461199659800
185,Horn_ Johnson and Moore,Restaurant,886 Tammy Mills Stevensshire_ VA 03285,Shirleyland,596993296947891
186,Garner PLC,Grocery Store,90840 Edgar Light Suite 091 Lake Caseyberg_ IA 64520,Evansmouth,1129028389
187,Collins_ Williams and Fernandez,Catering Service,947 Sara Heights North Brandi_ CO 23438,Port Robert,00195012943582246
188,Brown Ltd,Catering Service,3165 Luis Heights Port Brandonview_ OK 04929,Courtneychester,9776174564
189,Blackwell Ltd,Supermarket,829 Allen Bridge West Karenburgh_ ND 61533,Brianside,6040571444583
190,Elliott-Mcguire,Grocery Store,447 Haynes Causeway Suite 347 Smithburgh_ WA 40545,Barkerborough,4093115468
191,Grant-Davis,Grocery Store,6946 Shaffer Viaduct Apt. 909 Lisabury_ LA 90232,Lake Jessicamouth,+16729497621738
192,Hunter_ Ballard and Caldwell,Catering Service,60550 Fleming Branch Suite 560 Jessicashire_ UT 62403,Leslieville,00159459221169925
193,Chung_ Morris and Craig,Restaurant,310 Steven Overpass Apt. 402 Paulside_ NM 92478,North Lisaland,0019818920136674
194,Lambert-Gonzalez,Restaurant,77389 Flores Fort Scottchester_ ME 77945,Lake Josephton,00115075497570704
195,Williams-Strong,Supermarket,712 Johnson Squares Johnburgh_ IN 34833,Justinhaven,9355361144
196,Owens-Taylor,Restaurant,553 Emily Mountains Suite 339 East Mary_ MI 74272,Bartonborough,+197716999061607
197,Dodson and Sons,Restaurant,390 Ramirez Port Port Julieton_ LA 28323,New David,6426556122732
198,Bowman LLC,Restaurant,70033 Katie Walk South Joshuaport_ NY 57110,Port Karen,8908774218852
199,Clark_ Evans and Navarro,Catering Service,1567 Rice Route Mcbrideton_ SD 00586,Christinamouth,+12604087633914
200,Turner-Woods,Supermarket,413 Abigail Park Suite 737 North Heather_ VA 59882,Bradleyport,+149882769057873
201,Ramirez LLC,Catering Service,1488 Cook Ports South Lindsay_ WI 06937,Sandrastad,0019164374521821
202,Graham-Peters,Supermarket,72444 Dennis Centers Apt. 058 East Sarahton_ NM 90794,Vazquezshire,+1491368171938393
203,Bass-Sellers,Grocery Store,807 Brewer Highway Suite 080 Christophermouth_ MO 25526,Port Christina,689429906047456
204,Lyons Inc,Supermarket,0820 Christopher Dale Angelamouth_ GA 29905,Lake Lauraton,12795954628745
205,Thompson Group,Grocery Store,81499 Baker Valley Suite 876 Wheelerview_ CT 20385,Carlbury,858115637526624
206,Yoder-Murray,Catering Service,Unit 6112 Box 2655 DPO AP 68074,Port Emilyburgh,00159333042165945
207,Walters_ Jackson and Webster,Grocery Store,88321 William Glens Apt. 368 New Anthony_ IN 56413,North Ronaldmouth,5054827536693
208,Miller_ Johnson and Fernandez,Restaurant,228 Kathryn Mountains Suite 986 Cortezmouth_ IA 90538,East Garyton,98579000818718
209,Hubbard_ Clark and Hicks,Catering Service,77599 Ruiz Stream South Brianburgh_ DC 12695,South Cassandra,2725020028
210,Jones-Miller,Grocery Store,8892 Patrick Shoals Tristanfort_ OH 00576,Paulmouth,028684551643547
211,Anderson_ Patrick and Scott,Restaurant,03198 Washington Ferry Suite 086 South Amberside_ GA 92116,Lake James,6513
212,Dennis_ Parker and Sanchez,Supermarket,456 Nelson Street Ericside_ NH 82097,Port Markview,9210655873078
213,Anderson_ Robinson and Phillips,Grocery Store,687 Bell Knoll Suite 015 West Bryan_ OR 07413,Andersonville,7809531647
214,Kelley PLC,Catering Service,Unit 3990 Box 8289 DPO AE 64562,Jamesview,9429613748773
215,Simmons Ltd,Grocery Store,6249 Michelle Islands Apt. 374 West Heather_ VT 67074,New Curtis,2199757084
216,Potter_ Brown and Torres,Supermarket,54122 Wayne Ville Suite 760 East Kellyview_ OH 61069,Tylerburgh,231909911365369
217,Williams Ltd,Supermarket,89168 Fisher Brooks Suite 220 North Kevinville_ TN 96538,Mooremouth,4174921015
218,Aguilar and Sons,Catering Service,68882 Rebecca Islands East Virginiamouth_ SD 49728,Lake Chloeshire,7933160706
219,Rivera-Nelson,Supermarket,141 Ingram Ferry Carlsonport_ SC 09759,East Stephanie,+13355885454314
220,Robinson and Sons,Supermarket,95830 Watts Isle Traviston_ WA 96014,West Stephaniemouth,+19008791636908
221,Richardson Group,Supermarket,48378 Morris Pines Apt. 216 Port Williamville_ MD 62944,Walterborough,9240997995
222,Tran_ Douglas and Harvey,Catering Service,5607 Ernest Summit South Petertown_ MS 89142,Stephanieberg,01591146874992
223,Hodges and Sons,Restaurant,7970 Robinson Field Salinaschester_ CT 85213,Longland,5041079130
224,Hughes-Jackson,Restaurant,66899 Johnson Crescent New Gregoryland_ CO 53101,East Lindsayville,9982920906
225,Stevens-Rogers,Grocery Store,59277 Adam Station West Justin_ DE 07549,West Kenneth,+17083484200729
226,Hart PLC,Grocery Store,47794 Mccoy Shores Jacksonfort_ OR 28670,South Thomas,6475765079307
227,Morse-Hoffman,Grocery Store,677 Jenna Village Port Rhonda_ OK 56596,Derekport,44051488203017
228,Stewart-Soto,Supermarket,71892 Robinson Common Harrisfurt_ DC 31479,Andrewsmouth,828634002245412
229,Thompson Ltd,Restaurant,213 Mitchell Port East Craig_ IA 36277,Gonzalesport,+1570095826437944
230,Phelps-Robbins,Grocery Store,00248 Hamilton Ferry Suite 310 New Larry_ DE 83903,North Melanie,5648556923
231,Jackson-Robinson,Supermarket,2416 Gray Route Apt. 246 Boydland_ AL 93137,North Tom,0013417418533
232,Snyder_ Caldwell and Campbell,Supermarket,652 Williams Mount Jonesstad_ WI 51744,Muellermouth,0012044016159495
233,Jones-Wu,Restaurant,PSC 9721_ Box 2253 APO AA 34031,South Morganfurt,744909510239344
234,Sherman-Baker,Catering Service,07362 Kimberly Village Suite 643 Andersonton_ VA 24172,New Joel,3010171427
235,Gutierrez LLC,Catering Service,310 Myers Neck Richardtown_ WA 29671,Gutierrezshire,+15449248841926
236,Singleton_ Andrews and Bell,Grocery Store,431 John Coves Mariaside_ WA 13977,Jeffreyburgh,7731808829
237,White_ Crawford and Pearson,Supermarket,4785 Felicia Circle Suite 239 North Melissa_ KY 96802,Frederickside,95801676537393
238,Decker Group,Grocery Store,4464 Charles Creek Sanchezborough_ GA 09107,North Julieburgh,+115231856648137
239,Simpson_ Thomas and Smith,Grocery Store,204 Charles Viaduct Perezfurt_ WV 57676,South Bradleyburgh,0011171147043
240,Marshall Ltd,Catering Service,30050 Christine Square Apt. 097 Kingfort_ KS 26841,Andreaborough,+1314339035753136
241,Harper_ Blake and Alexander,Catering Service,882 Smith Heights East Cherylborough_ DC 06299,Devinmouth,1443813923
242,Aguilar-Frederick,Restaurant,6353 Chad Circles Brewerland_ NM 53897,Michaelport,8356
243,Davis-Hurley,Catering Service,687 Sparks Forks East Patricia_ NC 25546,West Catherine,172389023987614
244,Chan-Elliott,Supermarket,16644 Kelli Spur Gregoryville_ SC 80630,Toddberg,021322393346620
245,Williams and Sons,Restaurant,8921 Juan Ville New Monicashire_ MD 92426,Lake Heather,+127900721379870
246,Robinson Group,Grocery Store,212 Kelly Station Apt. 790 North Amandafurt_ MA 37113,East Stephanieview,19594303110414
247,Shepherd-Yates,Catering Service,973 Garner Mews Peggymouth_ MO 33680,Port Aaron,4778191257990
248,Oliver_ Cross and Gilbert,Restaurant,USS Mcintyre FPO AA 76857,South Michellechester,00160761448719620
249,Davis_ Sanchez and Hernandez,Catering Service,61204 Christopher Springs North Kathy_ SD 81291,Johnsonside,452214964615610
250,Lewis-Peters,Grocery Store,965 Jesse Course Suite 126 Annabury_ RI 51241,South Jasmineville,864412465128059
251,Carter-Jones,Restaurant,26720 Candace Inlet Suite 052 Hendersonton_ MA 30678,East Terrancemouth,8924125796
252,Blair LLC,Grocery Store,084 Alejandro Ports Apt. 820 Sarahton_ LA 54906,Phillipsfort,2135223298866
253,Gonzales-Keith,Catering Service,4934 Mitchell Lake Sharonchester_ NJ 09163,Sharonton,9864917149656
254,Huber Group,Restaurant,36361 Roger Trail Apt. 099 Ashleybury_ MD 98039,Reidland,00184149480114394
255,Chapman_ Barrett and Lopez,Supermarket,1402 Kimberly Plaza Apt. 787 Katherinetown_ OK 71945,Crystalborough,15868090831158
256,Hayes Ltd,Grocery Store,581 Michael Fields Suite 491 East Meganburgh_ TX 89090,North Nicoleport,001907009428118158
257,James Group,Supermarket,27163 Jennifer Roads Williamsside_ ID 07654,Lake Coryhaven,0013852150963215
258,Gonzales-Moore,Restaurant,326 Parker Crescent South Hailey_ SD 72035,Lake Anthonyport,4959262302026
259,Lewis_ Pierce and Wilson,Restaurant,2950 Daniel Center Suite 368 Danieltown_ NJ 69910,North Briannabury,001076665077126410
260,Rice-Dawson,Grocery Store,9152 John Roads Apt. 986 Curtiston_ ID 14419,New Samuel,937981773390321
261,Lopez_ Davis and Duncan,Grocery Store,1779 Zachary Island Suite 743 Santosmouth_ IL 00898,South Richardhaven,4241079020
262,Bradford-Martinez,Supermarket,366 Wheeler Fields Harringtonchester_ WY 86540,New Carol,1994510254
263,Lutz_ Smith and Martin,Grocery Store,8964 Reed Valleys Suite 413 Davidborough_ MA 78474,Chambersfort,+16436470236085
264,Holland and Sons,Catering Service,430 Tyler View Apt. 166 South Katherine_ TX 04269,New Richard,18440125869344
265,Simmons-Mcdaniel,Catering Service,237 Jason Trail East Jacobborough_ VT 07794,New Douglas,1756171876
266,Thomas-Carpenter,Grocery Store,0891 Martin Shore Apt. 596 Mcdonaldstad_ PA 01987,Port Ronaldshire,0219080322164
267,Sherman-Garza,Catering Service,044 Johnson Brook Velazquezville_ IA 66365,Port Kevinburgh,35715900294117
268,White_ Hutchinson and Williams,Grocery Store,6135 Michael Extension Apt. 708 Brendaborough_ MN 18905,Nolanmouth,6550564788798
269,Jackson and Sons,Restaurant,Unit 2891 Box 0702 DPO AP 62264,East Caseyfort,001749533814588455
270,Harrison-Wilson,Catering Service,904 Christopher Station Lake Patriciaborough_ AR 56947,Cunninghambury,2694752515
271,Barrera_ Jenkins and Boyd,Restaurant,0939 Meyer Wells Lake Jeanne_ PA 23420,New Jeremyberg,912706842213941
272,Holland_ Parks and Scott,Supermarket,031 Sydney Freeway Cynthiaton_ PA 51451,Lake Christinaborough,+12605839227932
273,Hammond LLC,Supermarket,7396 Patrick Row East Roy_ UT 18983,New Carol,0013244824894
274,Shields-Moore,Supermarket,922 Bailey Overpass Suite 885 New William_ VA 50509,New Dawnborough,9332911651
275,Floyd_ Jones and Alvarado,Supermarket,55399 Bullock Cove Apt. 326 East Latoya_ KY 21621,Brittanyport,106317070002344
276,Hodge-Leblanc,Supermarket,2243 John Squares Johnburgh_ TX 33271,Port Eric,3692481031
277,Ramos and Sons,Catering Service,6378 Kendra Greens East Jacob_ IN 59852,West Aliciabury,5918690343
278,Edwards-Ryan,Restaurant,259 Valerie Pike Apt. 290 Coffeychester_ WV 02293,Beasleyhaven,2659382103
279,Greene_ Wood and Hernandez,Restaurant,69618 Jacob Stravenue South Jacobton_ OH 42099,Garciaport,2385514657
280,Peck_ George and Klein,Supermarket,481 Bowman Isle Michaelbury_ CO 60876,Coopermouth,7482492553
281,Davis Inc,Grocery Store,83459 Allen Causeway Suite 409 Olsonborough_ GA 85285,Lake Nicolebury,43217254111981
282,Baker_ Gardner and Callahan,Supermarket,18439 Amanda Field Apt. 333 Mccartymouth_ MO 88867,Port Gregton,5209195240
283,Russell-Graham,Supermarket,7757 Roy Mountain Port Emily_ KS 36318,Andrewstad,197361912102684
284,Cruz Inc,Supermarket,96242 Luis Mill South Jeffrey_ PA 65606,North Julieburgh,2424714335
285,Sanchez-Fisher,Restaurant,77514 Todd Creek Apt. 870 East Ashley_ ND 47642,West Corey,9718036233098
286,Watson-West,Restaurant,864 Martinez Valleys Apt. 859 Byrdland_ OH 05345,Williamschester,9486
287,Carr-Wells,Catering Service,202 Castillo Course Suite 667 New Joshua_ OK 47311,Jefferyside,53501790139281
288,Carlson-Mathis,Supermarket,98491 Matthews Mall Lake Juantown_ NY 51580,Maynardstad,5182573189434
289,Jenkins-Carpenter,Supermarket,9447 Dixon Orchard Port Jacob_ DE 27747,Toddstad,1448122181
290,Webb_ Phillips and Garcia,Supermarket,09931 Snyder Station Apt. 218 Ritterborough_ IL 82418,Bradleyport,0014019433400
291,Bass-Gay,Grocery Store,USCGC Perez FPO AP 05466,West Margaretfort,0648059663
292,Lopez-Duffy,Supermarket,PSC 0689_ Box 6828 APO AP 21295,Mooneybury,048373497379978
293,Ibarra and Sons,Catering Service,Unit 2034 Box 3584 DPO AE 66830,Joneshaven,8553853050223
294,Fitzgerald Group,Grocery Store,3303 Smith Gardens Suite 639 Jonesberg_ WY 23098,South Kendra,04816303817780
295,Patterson_ Harris and Kelly,Restaurant,887 Martinez Spurs Thorntonshire_ WV 04210,Meghanfurt,8457019148
296,Martin PLC,Grocery Store,3517 Dalton Pike Apt. 053 Meghanside_ MT 10430,Port Linda,0016727288347500
297,Butler-Cook,Grocery Store,561 Schmidt Estate Robertsonton_ OK 26803,Markberg,+1209476511224812
298,Mills_ Osborne and Dickson,Restaurant,05338 Karina Village Boyerfurt_ TX 92321,New Steven,1800451358
299,Riley PLC,Supermarket,4036 Scott Course Apt. 174 New Elizabeth_ SD 35504,Robertton,6435732130
300,Clarke-Farley,Supermarket,9050 Jacob Cape East Donaldfurt_ NY 58115,Lake Michaelview,9537232621740
301,Smith_ Glover and Mcintyre,Supermarket,183 Jessica Island Suite 755 Rebeccafurt_ ID 61131,East Laurashire,502012912394085
302,Robertson PLC,Grocery Store,23699 Garcia Villages Suite 124 South Williamhaven_ MT 23890,South Tammy,1001316521
303,Wright Ltd,Catering Service,PSC 7619_ Box 8525 APO AE 61072,Tammystad,06222618593237
304,Douglas-Colon,Catering Service,30465 Latoya Haven Hartville_ NC 48753,Port Marcland,4390202351
305,Wolfe_ Garner and Jones,Grocery Store,88370 Harris Lock Apt. 882 South Catherine_ DE 56707,Fullerborough,3737587748038
306,Evans_ Wright and Mitchell,Catering Service,73725 Anthony Way Apt. 971 West Pamela_ OH 61366,North Keith,0017265689224
307,Gonzalez-Parrish,Catering Service,600 Sanchez Meadow Jessicaview_ KY 72375,Heathborough,164336236238847
308,Doyle LLC,Catering Service,8157 Tammy Road West Stephenchester_ NC 16381,Brittanyside,312154595
309,Bell_ Davis and Hickman,Catering Service,4454 Jackson Plaza Apt. 447 Thomasburgh_ CT 44776,Ambertown,+1754517243537063
310,Sullivan_ Thornton and Peterson,Grocery Store,1679 John Court Katherineberg_ ID 45885,Saraburgh,6881165399
311,Fleming Ltd,Grocery Store,080 Powell Rapid South John_ CO 90063,West Amanda,64646533683676
312,Garcia-Hunter,Restaurant,019 Amy Station South Daniel_ MD 51890,North Ianbury,1507294411
313,Maldonado-Davis,Supermarket,51547 Desiree Cape Suite 175 Port Benjaminfurt_ RI 95290,Boylechester,9538261424
314,Wright-Mcclure,Restaurant,569 Laurie Lake Lake Erikview_ WY 06966,Rodriguezfurt,+198249436092407
315,Nelson LLC,Restaurant,773 Frazier Ranch Kellerbury_ GA 32205,Lake Andrewmouth,+1859029391134890
316,Johnson Group,Supermarket,0019 Gray Trafficway North Sara_ NC 74122,Williamsfort,007484436534610
317,Parker_ Jordan and Thompson,Grocery Store,536 Steven Isle Boyleborough_ MA 13719,South Brandiberg,+16163676583630
318,Briggs-Stewart,Catering Service,86658 Rachael Drive Port Jennifer_ MO 54683,Martinezfort,3989270621
319,Davila_ Green and Avila,Restaurant,28646 Tiffany Meadow Apt. 469 Lyonshaven_ IA 48088,Lake Amymouth,2386104312
320,Shah Group,Supermarket,1654 Singh Roads Paynehaven_ RI 22772,Lake Jeffreytown,9538403880
321,Williams-Boyle,Restaurant,09025 Callahan Club Ramosport_ WY 36155,North Edwinchester,633782353246627
322,Mayo PLC,Catering Service,15094 Kennedy Highway Suite 900 South Michael_ MT 31746,Mckinneymouth,6462582814
323,Peters-Johnson,Restaurant,6383 Gomez Islands Sanchezport_ IA 35229,Jasmineberg,10615039899566
324,Roberts Group,Grocery Store,160 Sheri Course Mossfurt_ MO 13285,East Elizabeth,0434677558957
325,Allen and Sons,Supermarket,17628 David Plain Suite 137 Port Michaelton_ AZ 66272,West Tammy,3705525469768
326,Bender_ Jordan and Bennett,Supermarket,635 Herrera Trafficway Huynhside_ CT 11395,Lake Alicia,001194509759983421
327,Miller_ Conner and Clark,Restaurant,4464 Shaun Plain Suite 161 Sandraview_ TN 76190,Villaborough,+1075795241975821
328,Walker_ Brennan and Townsend,Grocery Store,Unit 9379 Box 7124 DPO AP 65325,Port Rubenville,1949002168
329,Davidson Group,Restaurant,1894 Harvey Pike Apt. 102 Davisfort_ NE 43626,Port Lauraville,8804
330,Holloway-Koch,Restaurant,2889 Jorge Fields South Thomasland_ AR 38794,Jamesport,3239747052
331,Edwards_ Johnson and Cross,Catering Service,5969 Burke Ridges North Kevinborough_ MT 75005,South Jeffreyburgh,8692278515888
332,Cox LLC,Restaurant,406 Lucero Mountain Apt. 736 Mollyport_ RI 14316,West Whitneymouth,0010181402068875
333,Herrera_ Fritz and Banks,Restaurant,USCGC Adams FPO AP 17515,Port Heidiland,057146985995415
334,Cox-Mcintyre,Grocery Store,85337 King Junction Suite 272 East Nicoleshire_ ID 63161,South Jillshire,4224508076
335,Newman_ Pearson and Mccarthy,Grocery Store,4719 Darryl Isle New Rebecca_ GA 13003,North Gary,9055497068
336,Mckinney LLC,Supermarket,52072 Rhonda Flats Lake Brandon_ VA 43437,East Sandra,3380596636909
337,Hogan-Oliver,Restaurant,03856 Garcia Course Suite 618 New Patriciamouth_ DC 05462,New Ricky,001484018925590683
338,Ibarra LLC,Catering Service,064 Andrea Land Suite 946 Lake Melody_ ME 49581,Adambury,6703380260
339,Palmer and Sons,Restaurant,4079 Kathleen Tunnel Lisastad_ NE 35010,South Thomas,4949
340,Barry_ Powers and White,Grocery Store,1145 Justin Light Richardside_ CT 45760,Murrayborough,0238171166
341,Jenkins-Carrillo,Grocery Store,656 Denise Spurs Suite 112 Joshuaborough_ NY 66307,Lake Ryanbury,0253326781596
342,Smith Inc,Catering Service,00691 Joseph Parks Matthewville_ CO 02023,Matthewbury,5420
343,Harris_ Perez and Willis,Catering Service,549 Moody Road Suite 873 Jacobshire_ VT 80966,South Christopherborough,5812816112
344,Mcmillan_ Gallegos and Perry,Catering Service,4963 Decker Loop Apt. 710 West Karen_ MO 17141,North Nicholas,24779733415155
345,Mitchell-Watson,Catering Service,2215 Jacob Valleys Suite 115 Garcialand_ SC 12573,North Tracy,0013666779015
346,Phillips_ Wolfe and Martin,Grocery Store,Unit 1376 Box 6294 DPO AE 62072,Thomasville,0015484134962
347,Hood_ Hoffman and Wright,Supermarket,783 Gonzales Valleys Apt. 115 Alexandrialand_ NH 52248,Louismouth,992697390631622
348,May and Sons,Restaurant,76603 Heather View Apt. 463 East Maureenberg_ MI 77494,West Ashleytown,2145779133
349,Walker_ Wong and Norris,Supermarket,6246 Smith Drives Suite 621 Jamesfurt_ CO 01830,Valenzuelaville,9556700410
350,Scott_ Johnson and Villa,Restaurant,265 Williams Canyon Suite 869 Port Joseph_ AR 44255,Port Dustin,001144195649572650
351,Berry-Mack,Grocery Store,188 Tamara Crossroad Lake Melissa_ FL 63621,South Stefanietown,7698721659
352,Strickland LLC,Grocery Store,2522 Marissa Brook Suite 849 Andersonberg_ IL 05110,Lake Kyle,8729587902
353,Rose-Pearson,Grocery Store,48119 Luna Villages Cherylfurt_ HI 56512,North Aaron,735520097189331
354,Rowe-Arias,Catering Service,8041 Joseph Shoal Suite 878 North Robertfurt_ KY 43667,South Alicia,0906494737
355,Bowman LLC,Restaurant,64024 Hunter Plaza Apt. 997 Grantstad_ NM 06478,Port Patrick,0392632786611
356,Espinoza PLC,Supermarket,410 White Heights North Todd_ ID 25520,West Michael,4105393296
357,Carey PLC,Supermarket,77230 Nicole Row Suite 887 East Joshua_ KS 15916,Donnaborough,0017340380600959
358,Cole-Ochoa,Restaurant,832 Richards Lakes Suite 950 Adambury_ MS 43653,South Crystalberg,0013929975127129
359,Gonzalez_ Tapia and Stewart,Catering Service,USS Jacobson FPO AE 77920,North Ashley,2060074668
360,Clay LLC,Catering Service,58290 Keith Hills West Danielle_ UT 38692,Butlerview,00483465216955
361,Fleming Group,Supermarket,491 Stafford Harbors Apt. 774 Reyesburgh_ ID 82774,East Lauren,2182012221
362,Snyder-Gordon,Grocery Store,952 Browning Port Apt. 921 Sarahhaven_ UT 94085,Anthonychester,1346229488
363,Henry-Terry,Catering Service,94883 Silva Plaza Apt. 966 North Ericborough_ WY 57244,East Brittanyland,2051686653
364,Reid Ltd,Grocery Store,94855 Gardner Union Suite 670 Lake Diana_ OK 96757,Lake Ethanview,4386
365,Bray_ Nguyen and Christensen,Restaurant,27009 Sheri Forges Heidiview_ AK 10251,West Robert,58991352157984
366,Harrell-Hanson,Restaurant,660 Anthony Canyon Suite 057 Arnoldchester_ MA 72162,Devinton,4957265323
367,Patel and Sons,Grocery Store,7364 Green Wall Suite 340 Fisherbury_ VA 78253,Deckermouth,+1731068296454440
368,Smith-Villegas,Grocery Store,5916 Craig Courts New Kevinfurt_ MS 57479,North Lindseychester,0014679017553
369,Weeks_ Wood and Sharp,Catering Service,4812 Paul Plaza North Amanda_ WI 89597,Brownton,2004403875
370,Cox-Richmond,Supermarket,USNS Ingram FPO AA 14461,Williamsland,9920
371,Montgomery_ Dominguez and Hopkins,Grocery Store,565 Davis Shoals New James_ ND 98971,Solisburgh,5753948230121
372,Elliott-Jones,Restaurant,Unit 8546 Box 6518 DPO AE 36672,Lewisberg,6902726499
373,Avila Group,Grocery Store,099 Rodriguez Creek Ronaldport_ RI 02598,Aprilberg,0018355943012252
374,Pollard_ Yoder and Martin,Grocery Store,3352 Willis Junctions Apt. 432 Lake Pamelaborough_ NV 36555,Steeleport,7316120267787
375,Anderson-Stevens,Supermarket,82308 Richard Mall Apt. 824 Joshuafurt_ UT 33812,New Ryanbury,160803034227712
376,Wilkins-Boyle,Catering Service,907 Shawn Lakes Apt. 626 West Benjaminton_ AK 55564,Lake Sarah,352462963724350
377,Cooper-Gill,Catering Service,94711 Tracy Court Apt. 437 Tammyborough_ ME 89430,West Omar,+11612218545570
378,Foster Ltd,Supermarket,5394 Laura Cliffs East Angela_ NH 01271,South Johnshire,7045041352
379,Payne-Pena,Supermarket,6560 Jesse Brooks Suite 699 North Rebeccafort_ ID 49869,Millerstad,3702160851
380,Nelson PLC,Restaurant,USNS Walker FPO AE 02837,Lake Christophermouth,3020427352
381,Cruz_ Lee and Fernandez,Supermarket,659 Janice Land Apt. 415 Christopherburgh_ CT 46250,Martinville,9733120803
382,Bruce_ Lewis and Anderson,Restaurant,587 Julie Oval Apt. 908 South Elizabethbury_ IA 98406,Ritterburgh,7360
383,Hines-Rangel,Supermarket,595 Walker Islands Casetown_ UT 11286,Barryside,2330894330
384,Rogers-Warren,Grocery Store,408 Katelyn Bridge Dayshire_ LA 95554,Jamesfurt,0014391956960
385,Fitzpatrick and Sons,Catering Service,492 Wright Wells Apt. 328 West Charles_ WI 51630,New Tammyland,+10113668942777
386,Miranda Ltd,Grocery Store,71888 Peterson Gardens Suite 750 Port Susan_ SD 20635,Wheelermouth,490189730543330
387,Barrera-Ward,Grocery Store,55591 Eric Corners Apt. 955 Riveraburgh_ NJ 52897,West Juliabury,9582420037
388,Rivera Ltd,Supermarket,2319 Wong Station Apt. 425 Morrisonbury_ KY 44766,Manuelhaven,7062
389,Hunt-Lee,Grocery Store,1004 Michael Mission East Kenneth_ NY 07626,Davidborough,001681802060191223
390,Case_ Anderson and Morris,Catering Service,6712 Rojas Inlet Suite 958 Schmidtbury_ ME 51653,Taylorfort,73258241476156
391,Lambert Ltd,Supermarket,10860 Jones Fields North Nicholasmouth_ MI 89187,South Jerryside,3515425864527
392,Williams PLC,Restaurant,4260 Emily Extensions Pinedafort_ IN 16450,Lake Jefferyborough,544339069937985
393,Steele Ltd,Restaurant,79988 Laura Motorway Suite 853 West Kennethfort_ NV 88945,Heatherview,001300000810326863
394,Davis PLC,Catering Service,PSC 0380_ Box 0806 APO AE 90542,Port Glendastad,0013361751470894
395,Andrade Inc,Grocery Store,41963 Woods Skyway Joanneside_ KY 56457,West Erinport,4816317562
396,Chase-Gross,Catering Service,950 Nicole Burg Suite 178 Donnamouth_ AL 08654,Heatherside,0414931650
397,Alexander PLC,Catering Service,467 Heather Trail Apt. 416 Smithstad_ SD 08586,Arnoldmouth,3477300183269
398,Brown LLC,Supermarket,013 Cook Spring Bradleyborough_ CA 82476,Jasminechester,1553975919994
399,Torres_ Marshall and Williams,Grocery Store,917 Melanie Via Suite 259 Alexanderfort_ UT 16154,North Alison,0015049036137
400,Leach-Alvarado,Restaurant,9446 Camacho Groves Suite 847 South Tony_ MD 46082,Collinston,7934717134359
401,Perez-Howe,Restaurant,7844 Ross Via Apt. 392 North James_ SC 30883,Randallville,001947698163156761
402,Butler-Anderson,Grocery Store,927 Edward Stream Apt. 658 Port Melissaport_ ME 18030,West Christopher,5930241356
403,Bradley-Smith,Grocery Store,870 Contreras Brook Laurashire_ CT 25941,Jeremiahfort,8401075994
404,Schmidt Ltd,Restaurant,8891 Colleen Lodge New Kristenstad_ VT 55046,Brownchester,3466470514
405,Mills_ Smith and Martin,Supermarket,04051 Murray Forge Suite 530 Seanmouth_ MN 69922,Kevinfort,2029496624
406,Hernandez_ Rodriguez and Tanner,Restaurant,878 Wall Course Apt. 546 Lake Davidtown_ RI 22137,Davisshire,4646231310
407,Douglas and Sons,Restaurant,6331 Kathleen Hill Apt. 153 Johntown_ ND 42493,North Charlesside,8836114618987
408,Thompson-Ortiz,Supermarket,389 Everett Camp Apt. 540 Wongfort_ MA 92301,Riceshire,5027424022
409,Ayala LLC,Grocery Store,PSC 6395_ Box 4259 APO AE 55285,East Roberthaven,71487961951367
410,Byrd-Mitchell,Catering Service,336 Mclaughlin Drives New Rachel_ OK 37858,Thomasfurt,4547229408
411,Hernandez-Todd,Catering Service,2686 Delacruz Burgs Alyssaburgh_ WY 28602,East Darrell,2800612048
412,Farmer-Gilbert,Grocery Store,73098 Charles Harbor Suite 608 Welchbury_ WY 30443,Robertland,3752156908
413,Davis_ Bowen and Miller,Catering Service,418 Adam Mission Suite 750 Jessicaville_ OR 26759,North Mike,9207424674
414,Gonzales Group,Supermarket,9183 Robert Mill Suite 331 Curtisview_ MI 18328,New Matthew,+179066781989396
415,Thomas and Sons,Supermarket,58989 Matthew Isle Port Michaelview_ AZ 51434,Christopherchester,397863480
416,Cohen LLC,Supermarket,Unit 8432 Box 4483 DPO AA 07457,East Anthony,505968599750685
417,Glover_ Wilson and Hudson,Restaurant,3045 Joshua Fall Suite 109 Khanshire_ AL 47705,East Ashleyshire,3150803138
418,Schwartz_ Odonnell and Padilla,Restaurant,23011 Barnett Falls Apt. 524 West Cameron_ WY 52614,Deborahfurt,955658810792494
419,Hanson_ Wilkerson and Lee,Supermarket,948 Evans Green Lake Carol_ GA 38897,Port Peter,7595355451
420,Snyder Ltd,Catering Service,04976 Harris River Apt. 880 Josephland_ CT 42183,Anthonyton,805601116198115
421,Glass Inc,Supermarket,USNS Mayer FPO AA 41836,Kylehaven,297322130974402
422,Wilson-Cook,Catering Service,005 Steven Club Suite 180 Robertston_ CA 27213,Smithfort,27643545855485
423,Serrano-Lopez,Restaurant,312 Hodge Center West Stevenshire_ KS 70989,South Justinborough,22568877520658
424,Hart Ltd,Grocery Store,0749 Bowman Turnpike South Victoria_ WA 89713,Richton,0019909527428406
425,Rose-Tucker,Restaurant,40207 Martin Stream Apt. 277 West Thomasside_ IL 10256,Lake Alexis,986020791611966
426,Cook-Rodriguez,Catering Service,06893 Sutton Meadows West Janet_ NM 26129,Taylorchester,71851486463588
427,Porter-Clark,Grocery Store,7685 Derek Mountains Apt. 112 East Donald_ NV 08951,East Amymouth,8574167459
428,Castillo_ Nichols and Miller,Restaurant,3500 Anderson Tunnel South Jacqueline_ TX 94101,Alexanderstad,0843231485
429,Olson_ Johnson and Figueroa,Grocery Store,99198 Lisa Ranch Suite 190 New Arianaton_ CT 16571,Lake Benjamin,001990205707972906
430,Peterson_ Davis and Serrano,Catering Service,3793 Jones Inlet Apt. 560 Amymouth_ VA 40417,West Thomas,4838442985
431,Barry-Bell,Grocery Store,6963 Roberts Street Suite 944 Ramirezside_ ME 50685,West Jeffreyland,+11883258079554
432,Meyer and Sons,Restaurant,08209 Eaton Streets Apt. 968 South Laurenside_ RI 88383,Carolchester,0017386626338
433,Morris and Sons,Grocery Store,4573 Velasquez Brooks Suite 077 New Eric_ MS 48382,Anthonyfort,4451031863
434,Kennedy-Johnston,Restaurant,72862 Matthew Prairie Apt. 637 Reidland_ CA 77085,Nicoletown,669695707959486
435,Davies_ Salas and Clark,Restaurant,USNV Gonzalez FPO AE 52004,Port Leahfurt,7799690977
436,Brown and Sons,Restaurant,87132 Holland Hollow Mirandamouth_ IA 28722,North Christina,200655149863749
437,Carlson-Gray,Catering Service,235 Carroll Ways Kaiserfort_ AZ 12910,Lake Michaelchester,0019179276401030
438,Ortega Inc,Catering Service,9849 Newton Stravenue Port Andrew_ LA 24512,Contrerasberg,3995197057713
439,Porter_ Sanchez and Fisher,Restaurant,02064 Carl Drive Apt. 966 Gonzalesville_ NJ 58251,Bradleyview,1300011415
440,Martinez-Graham,Grocery Store,002 Jessica Pine Suite 278 Davidville_ NE 33218,Elliottberg,0019746929262419
441,Flores-Pope,Supermarket,595 Smith Bridge East Kathybury_ HI 61275,Chadview,00131856461615712
442,Bell Inc,Catering Service,557 Richard Flat West Willie_ MN 30891,South Sarahville,7033434632
443,Strickland_ Sims and Gray,Restaurant,USNV Peterson FPO AA 78656,New Crystal,3113385086
444,King_ Schneider and Banks,Restaurant,4903 Hayes Neck South William_ VA 09048,New Billy,+1965260613555791
445,Waller-Nguyen,Grocery Store,324 Jones Drives Apt. 874 Chungland_ SC 74447,Danaville,1501810420
446,Nichols-Barnes,Catering Service,PSC 0287_ Box 6878 APO AP 95472,Port Richardshire,5077313315
447,Smith Group,Supermarket,PSC 0438_ Box 0878 APO AE 55216,Lake Lindsay,8764790500
448,Barton Group,Restaurant,535 Taylor Ford Suite 086 Marystad_ ID 13421,North Paulstad,3821672183377
449,Roberts_ Griffith and Clark,Catering Service,585 Megan Crossroad Kennethside_ NJ 77196,Robertsonfort,001103215081047791
450,Gibson and Sons,Catering Service,0835 Franco Common East Martha_ SD 01753,Grahamside,8046887617
451,Hale Ltd,Grocery Store,0804 Adkins Valley Apt. 988 North Alvin_ MT 64482,Morganside,6627988559
452,Roberson_ Marquez and Mcdowell,Supermarket,763 Lewis Springs Apt. 567 Stevenberg_ DC 99917,New Erica,00166418004804998
453,Moore LLC,Grocery Store,316 Clark Throughway Suite 810 Port John_ ND 69257,East Timothy,30575659986969
454,Cruz_ Branch and Pierce,Grocery Store,Unit 0162 Box 8564 DPO AA 55163,South Lisabury,0006211526
455,Rios Group,Catering Service,58472 Snyder Squares Port Zacharyton_ CT 67515,Madisonfort,0037270894163
456,Simmons PLC,Grocery Store,7157 Denise Estate Suite 437 Paulland_ AR 99422,North Katelyn,2725076150
457,Smith-Rodriguez,Restaurant,90439 Henderson Common Suite 037 West Paulport_ AL 92938,South Linda,6968
458,Smith Inc,Grocery Store,23176 Moore Viaduct Apt. 227 South Racheltown_ AR 68895,New Robertland,2606351016
459,Brown Ltd,Supermarket,8358 Randy Mission Markmouth_ SC 03456,Castilloport,1646996716
460,Gutierrez_ Anthony and Shannon,Grocery Store,6787 Jamie Fords Suite 103 Wademouth_ IL 18159,Lake Justin,2924416283
461,Murray Inc,Restaurant,9576 Johnson Course Farrellport_ IN 73821,New Hannah,2916056162
462,Sanders-Hutchinson,Restaurant,USNS Wade FPO AA 18533,Port Lauriechester,00146080281180406
463,Carey-Ramos,Grocery Store,6431 Kelly Brooks West Stephaniemouth_ NV 75536,East Edwinburgh,17883762369304
464,Barber Ltd,Catering Service,9428 Garcia Loop Apt. 919 Amberfurt_ KY 73455,Port Jacob,0010455089337308
465,Terry Inc,Restaurant,447 Peterson Shore Ramirezchester_ VA 69602,Johnton,2807234101315
466,Huerta PLC,Restaurant,6435 Moore Glens Apt. 887 South Nicoleburgh_ CT 31272,Lake Brendaland,0019143116419
467,Wilson_ Watkins and Moore,Catering Service,57044 Fisher Valley Parkerland_ ID 82897,Phillipsfort,7829440904
468,Alexander-Mendoza,Supermarket,08769 Colleen Mount Apt. 218 Torresberg_ TN 59083,East Johnburgh,5962493643159
469,Sanchez_ Mendez and Hill,Supermarket,03470 Cooke Cape Apt. 822 South Michellemouth_ MO 20350,Port Pamelaport,+13718827467781
470,Bishop_ Martinez and Robinson,Restaurant,0139 Cox Unions New Ryan_ ID 34556,Port Daniellechester,00107188630522779
471,Allen_ Ramsey and Cortez,Grocery Store,480 Bruce Run Dennischester_ CO 85895,Charlesmouth,5944685130
472,Roach-Wheeler,Restaurant,8571 Tonya Viaduct East Pamelafurt_ NM 42162,Rebeccaburgh,00121517595765678
473,Fields_ Bell and Ferguson,Supermarket,774 Smith Ridges Suite 425 Davidsonshire_ TX 01449,Ashleyton,43173788065808
474,Gonzalez Inc,Catering Service,0269 Sanchez Fields Alexanderfurt_ AL 45894,South Nicole,6793058392
475,Henderson Group,Catering Service,655 Mallory Fork North Mary_ WY 23835,Bentonfurt,8549298365
476,Leon and Sons,Catering Service,63135 Sonia Stravenue Chungstad_ MI 04689,Port Jerome,+1210177554547003
477,Alvarado LLC,Supermarket,48690 Boyle Plaza Suite 271 North Briantown_ AK 84478,East Jacobchester,5915828492
478,Lopez_ Roach and Roach,Catering Service,8319 Brandi Place Suite 155 Jamesbury_ NC 87170,Lake Regina,0017854483246762
479,Lopez-Gonzalez,Restaurant,PSC 7602_ Box 7270 APO AP 99047,Hamiltontown,5638965959
480,Brooks-Mccarty,Catering Service,8686 Thomas Union East Leonmouth_ CO 18252,East Kevin,2979953926
481,Madden_ Burke and Norris,Restaurant,42593 Acosta Plain New Molly_ NC 37742,Owenschester,+123795060125247
482,Turner-Bell,Restaurant,413 Chapman Locks Suite 792 Port Brucetown_ HI 04419,Suzanneport,0011459047946
483,Bates-Johnson,Catering Service,89427 Jennings Station South Donald_ ID 37797,Millerview,00172170898647257
484,Nelson-White,Restaurant,413 Atkinson Lodge South Michael_ WY 43133,North Douglasfurt,0015583809342873
485,Baker-Mcdonald,Restaurant,290 Bowen Loaf Apt. 261 Gordonshire_ ME 35368,East Andrea,9335036294194
486,Murray_ Fisher and Johnson,Grocery Store,6181 Ortiz Lane Joefort_ NM 41365,Bridgetside,099729568202308
487,Frazier Inc,Supermarket,2265 Luke Streets South Emily_ DE 29085,West Peterborough,001577052931174815
488,Cordova-Hernandez,Restaurant,USNS Joyce FPO AA 64112,Stewartfurt,0013795998238
489,Kelley-Brown,Catering Service,85392 Jackson Plain North Carrie_ IL 86562,Port Erinton,4058659814
490,Johnston_ Shelton and Sellers,Restaurant,76976 Myers Spurs Suite 680 West Katieville_ NY 87868,Christianfurt,0017160895283110
491,Wilkerson-Woods,Supermarket,51520 Deborah Views Apt. 001 Moranbury_ VT 92348,Samanthabury,3597678978
492,Alexander Inc,Restaurant,76163 William Stravenue Apt. 727 West Pamela_ MO 11674,North Stephanieville,00157144659898076
493,Curtis Ltd,Supermarket,USS Molina FPO AA 14062,New Robert,1262860156
494,Anderson_ Adams and Roberts,Supermarket,Unit 8792 Box 5188 DPO AP 55807,New Denise,+19411202190554
495,Barker_ Gibbs and Lopez,Supermarket,518 Francis Estates Apt. 955 Gonzalezhaven_ DE 36339,Brownshire,8977010648
496,Young-Jackson,Catering Service,4444 Sharp Hollow Timothymouth_ AR 56543,West Daniel,0117211555539
497,Sparks-Berry,Catering Service,72131 Walter Radial Suite 498 Port David_ ND 60911,Chelseyfort,8679389153710
498,Jones_ Ortega and Rubio,Grocery Store,61516 Villarreal Lights South Ashleymouth_ OH 60424,East Craig,99355177361457
499,Blankenship-Lewis,Catering Service,883 Lee Alley East Robertview_ MI 64109,Jonathanstad,6515522403
500,Harris Group,Catering Service,230 Brown Courts West Cory_ TX 94355,Levytown,001077563172639015
501,Davis-Kennedy,Grocery Store,609 Jackson Cliffs Lake Johnside_ ID 47134,Jordanhaven,5980485675
502,Mcdaniel-Bates,Supermarket,2198 Alexis Passage Apt. 287 Sylviaville_ MN 08405,Liberg,3988557507166
503,Abbott-Robinson,Restaurant,PSC 1306_ Box 2371 APO AA 44403,Joseville,449700690046176
504,Small Ltd,Catering Service,85125 Deanna Garden New Sherry_ IL 97694,Gaineschester,1943075475
505,Sutton_ Day and Brooks,Restaurant,PSC 0203_ Box 6449 APO AA 03081,Chelseaside,8571
506,Davis-Glenn,Catering Service,94687 Debra Motorway Suite 487 Steinport_ OK 46407,Tylerton,5190686168
507,Rojas-Cook,Grocery Store,397 Ruth Track South Alyssa_ NE 98089,Lake Diane,+1019312888718286
508,Goodwin_ Acosta and Chan,Restaurant,81662 Lawrence Mountains Apt. 545 Sarahstad_ ND 47525,Walkerfurt,001076856956865782
509,Roth-Mathews,Grocery Store,Unit 2793 Box 6632 DPO AP 04112,Cordovaborough,0326889162
510,Lozano-Miller,Restaurant,590 Michelle Brooks Apt. 406 Danielburgh_ TN 15283,Adamsview,0012810268022
511,Mitchell PLC,Grocery Store,1968 Todd Via Apt. 855 South Melissa_ MN 02718,Port Davidshire,0015348266584
512,Taylor-Lyons,Grocery Store,816 Jackson Union West Matthew_ NM 60621,Port Timothystad,0018465531363
513,Cruz_ Murphy and Santos,Catering Service,7859 Derek Center Apt. 703 Lake Yvonne_ AR 23556,West Larry,0010706766757
514,Roy-Hancock,Supermarket,203 Dawn Ridge Loganshire_ SC 01665,Maxwellburgh,1860469157
515,Bowers_ Gonzalez and Simmons,Restaurant,096 Jonathan Unions Suite 804 South Angelaburgh_ NM 97882,Snyderton,+1401191536580259
516,Raymond_ Kelly and Yates,Catering Service,8919 Natasha Tunnel Jacksonburgh_ MO 07674,New Aaronberg,5904214384
517,Porter Inc,Grocery Store,459 Allen Valleys Hoside_ WV 99671,Wadeville,888141330917466
518,Hill_ Davis and Stewart,Grocery Store,6315 Jonathan Views Suite 276 Jerryhaven_ TX 90986,Anneville,+16089535542841
519,Smith_ James and Alvarado,Restaurant,1886 Warner Fall Apt. 545 New Codyport_ LA 47509,Keithburgh,4873246566
520,Jackson_ Miller and Porter,Catering Service,8021 Erin Trafficway New Jamesport_ TX 78396,Port Andre,2572305531
521,Kim LLC,Grocery Store,5405 Cameron Trace Kennedyton_ NV 57074,Deanport,2474237138621
522,Davis_ Maldonado and Palmer,Grocery Store,2622 Kimberly Port Suite 775 Danielland_ NE 08014,Torresfort,861571134926120
523,Roberts_ Howard and Bender,Restaurant,67885 Avila Crossroad Suite 550 Anthonymouth_ WY 53169,Lake Lorrainefort,+1414385007351267
524,Torres Ltd,Grocery Store,7676 Estes Harbor Suite 218 Brandonmouth_ SC 41497,West Amandafurt,2838331998
525,Phillips Inc,Supermarket,560 Long Mill Lake Caitlin_ CT 60702,Lake Carlos,1826265112
526,Harrington_ Jimenez and Carr,Supermarket,7266 Alvarez Junctions Suite 564 New Robertfort_ MT 85213,South Tylerstad,1547648062
527,Moran_ Mcmillan and Jones,Supermarket,13859 Brandon Burg Suite 195 Jamesshire_ KS 72927,Bonillahaven,00126146602964350
528,Baird PLC,Supermarket,10521 Jared Mill Suite 659 Mccormickhaven_ MO 07533,Markport,0019301226265199
529,Macdonald_ Hale and Garcia,Grocery Store,26656 April Cliffs Apt. 770 Terriville_ NV 90626,Dannybury,11198
530,Spencer_ Eaton and Young,Catering Service,904 Freeman Lodge Suite 905 Lake Stephanieshire_ NE 73215,Johnstonhaven,808707250264682
531,Miller Ltd,Catering Service,5262 Roy Village Jonville_ HI 04740,North Kylestad,6484700469880
532,Johnson-Green,Grocery Store,7369 Kenneth Haven Andrewborough_ UT 47985,Darrylchester,0010905130319965
533,Daniel_ Schroeder and Morse,Catering Service,71684 Campbell Stravenue Garrettside_ HI 68372,Rogersmouth,+175315383900816
534,Elliott LLC,Restaurant,16795 Anderson Hill Suite 956 Curtishaven_ MS 95388,South Kayla,4896850451
535,Hill PLC,Grocery Store,8470 Brandon Extension North Rhondastad_ AK 50332,Valdezborough,+11579825008743
536,Johnson-Farley,Restaurant,721 Rivera Spurs Moorebury_ WV 76648,South Donald,9692805722
537,Jones Group,Restaurant,3828 Williams Lake Brownshire_ OR 72935,Callahanside,1043137701468
538,Beck Inc,Restaurant,102 Jackson Plaza Apt. 330 North Meganborough_ NC 67139,Jasonmouth,9634844775327
539,Smith-Thomas,Restaurant,682 Samantha Ranch Apt. 661 East Patricia_ NM 14216,Watsonton,96244448247142
540,Randall-Wagner,Catering Service,9517 Adrienne Valleys Suite 015 South Jennifer_ ME 25672,Henrychester,42763596681254
541,Lewis-Deleon,Catering Service,PSC 3880_ Box 0574 APO AE 02776,West Karen,3992986885917
542,Pitts_ Johnson and Humphrey,Supermarket,9653 Benjamin Prairie Apt. 866 Wilcoxtown_ OK 40953,New Johnfurt,001818934005974196
543,Nelson Inc,Catering Service,Unit 9087 Box 7118 DPO AP 47666,East Jennifer,590329647436645
544,Johnson_ Wheeler and Fischer,Catering Service,117 Mclaughlin Stream Apt. 161 West Jose_ UT 58322,Richardton,8247886573954
545,Williams-Flores,Restaurant,3389 Joshua Landing Suite 758 Millsborough_ MT 99216,Kellyberg,00113658196332801
546,Gardner_ Garcia and Valenzuela,Restaurant,41140 Julie Springs Suite 485 West Tammy_ HI 01981,New Wendymouth,818660260390477
547,Walter_ Gonzales and Potter,Restaurant,77735 Parsons Underpass Apt. 969 Jillberg_ NH 89270,Batesstad,2616749124
548,House_ James and Miller,Supermarket,52465 Danielle Forge Suite 949 Walterschester_ CT 88915,Lisamouth,0701755725
549,Doyle_ Clark and Campbell,Catering Service,USS Howard FPO AP 75180,East Deborah,2052373375
550,Phelps_ Graham and Hayes,Catering Service,59138 Sherman Light Apt. 256 Rossside_ ND 89271,Timothychester,512814059496653
551,Holland_ Caldwell and Oliver,Restaurant,7502 Silva Lights Apt. 125 North Brittany_ MA 40389,East Sandratown,6709609465
552,Schwartz_ Holland and Mccarthy,Catering Service,19727 Luke Wall Jacquelinetown_ ME 38666,Pearsonchester,001486894673380522
553,Schultz_ Gross and Morrow,Supermarket,904 Caitlin Harbor Suite 165 Piercemouth_ MI 67261,North Marthaton,2914213869
554,Jackson Ltd,Restaurant,325 Becker Pass West Bobshire_ MT 42103,Brandyberg,920705561744135
555,Valencia_ Floyd and Jordan,Grocery Store,755 James Greens Apt. 111 South Thomaschester_ MT 65536,South Brenda,86438644847247
556,Reyes_ Houston and Esparza,Catering Service,60546 Amanda Canyon Holmesmouth_ ME 97812,Brittanyland,7525269578
557,Smith PLC,Restaurant,USNS Riley FPO AA 59840,East Aaron,911068265553558
558,Beck Group,Catering Service,0291 Williams Harbor Suite 127 Hooverchester_ ID 89542,North Sharonberg,1540
559,Young_ Moran and Morris,Catering Service,0953 Davis Well Apt. 329 West Maurice_ NC 31745,New Baileyfort,+1750812716904781
560,Cunningham-Wyatt,Supermarket,5900 Mccullough Mountain Apt. 363 Kristineland_ NV 53404,East Donnafort,+16990039200964
561,Smith_ Walker and Jackson,Supermarket,84921 Donald Ferry North Matthewburgh_ NV 11482,Kennedychester,8680680443
562,Perez-Green,Supermarket,Unit 1288 Box 5043 DPO AA 72184,Lake Lauren,+132814098730223
563,Daniels-Kim,Grocery Store,002 Donald Glen Suite 515 Edwardschester_ OR 44523,East Angela,78762136541971
564,Bates_ Owen and Wade,Restaurant,37725 Robert Fields Combshaven_ NH 44196,Jenniferview,+136862507369988
565,Blair-Randolph,Supermarket,5884 Watson Road Suite 731 West Markstad_ AR 53880,Steventown,741725274204495
566,Cole-Stein,Catering Service,782 Flynn Plaza North Francesburgh_ KY 21221,New Rachel,322115717512748
567,Clark-Taylor,Catering Service,32917 Lopez Coves Apt. 669 New Charles_ PA 87343,Jonathanstad,3857327137
568,Smith_ Wilson and Johnston,Supermarket,1103 William Forks South Deniseland_ OH 08168,Ericfort,5539861219532
569,Booker Ltd,Grocery Store,1780 Crystal Turnpike Suite 052 South Brandi_ OH 87518,South Russelltown,0013917941009585
570,Jones_ Calderon and Finley,Supermarket,213 Rodriguez Club Apt. 768 Murphyhaven_ ND 27372,Lake Vanessa,0012773439322828
571,Rosales-Stevens,Restaurant,9093 Stephens Unions Carterton_ OK 67250,Baldwinshire,4438358279
572,Shaw Group,Supermarket,PSC 8369_ Box 1372 APO AP 87487,Lake Cathy,+11685222184289
573,Nelson Ltd,Supermarket,655 Debra Flats South David_ KY 13041,New Thomasmouth,337139288285414
574,Gonzales LLC,Supermarket,63164 Patrick Trail Apt. 033 Davidville_ MT 01979,New Larry,05419542487901
575,Martinez and Sons,Catering Service,48185 Jasmine Villages Zimmermanhaven_ MN 53468,Johnport,5200035934
576,Townsend Inc,Catering Service,39437 Alejandro Path Apt. 765 Olsonview_ MS 29423,East Emilyburgh,0018208202213469
577,Taylor-Matthews,Catering Service,073 Cathy Trail Apt. 793 Nelsonfurt_ NY 98042,Lake Donna,86472539918612
578,Vega Ltd,Catering Service,14352 Adkins Freeway Suite 515 South Katherineland_ WV 05793,Port Carrie,82905665035701
579,Young-Bennett,Catering Service,407 Nathan Passage Suite 620 East Robert_ NH 29961,Meyersland,0013453503885
580,Mitchell-Hunt,Restaurant,113 Lacey Hollow Apt. 525 Harringtonmouth_ ND 62225,Richardfort,036179501318052
581,Smith-Wilkins,Grocery Store,219 Cook Mews Suite 667 Turnerbury_ GA 42760,West Phillip,57755774904585
582,Wilkerson and Sons,Grocery Store,546 Krause Drive Suite 554 West Kristenborough_ GA 43703,West Dannyland,3372409406
583,Martin-Wright,Catering Service,45525 Ronald Forks Mauricestad_ ID 75984,Marcstad,8707233756318
584,Sanders-Hale,Supermarket,41546 Frank Islands Lake Reginaldberg_ AR 06319,Moralesside,+1625938494195891
585,Warren Group,Grocery Store,1956 Moreno Plains Apt. 468 Trevorfort_ LA 26796,Port Donnaton,75624668385142
586,Wilson PLC,Supermarket,6412 Suarez Meadow Lake Frank_ UT 86790,Jonesport,706
587,Davis_ Cruz and Schaefer,Restaurant,6913 Duarte Points Apt. 445 Ramosside_ IL 10904,Lake George,4142908031
588,Collins_ Oconnor and Blake,Grocery Store,232 Pollard Shores Donaldmouth_ TX 19845,Vazquezland,001491899757546954
589,Boyd_ Padilla and Simpson,Restaurant,95686 Franco Mountains Suite 475 North Larry_ WI 78578,Morganhaven,6948756150
590,Adams-Young,Grocery Store,11551 Lisa Rapids Lesterhaven_ IA 88565,Richchester,6949
591,Miller Inc,Grocery Store,338 Robertson Crossing Monicaborough_ AK 65253,New Leslieport,9540494239
592,Chan PLC,Restaurant,27777 Stephanie Plains Jasonhaven_ RI 35762,North Brendaborough,0017774232427587
593,Spencer_ Gibson and Arias,Grocery Store,04212 Gonzalez Shoals Suite 814 Stephenton_ MO 69807,Tammyside,5257240172690
594,Phillips-Moore,Grocery Store,973 Timothy Springs Apt. 259 Lake Samanthaport_ MA 95198,Lake Monique,5833168147
595,Knox and Sons,Grocery Store,PSC 6513_ Box 7743 APO AP 22827,Port Matthew,9672178511139
596,Barnes_ Castro and Curtis,Restaurant,0998 Mcintyre Row Apt. 105 North Crystal_ KY 62420,Zimmermanville,5075777566
597,Brown LLC,Supermarket,8055 Angela Shoals Joshuamouth_ FL 70099,Karentown,2169420064
598,Barron-Casey,Restaurant,1514 Ward Extensions Apt. 499 Jasonmouth_ SD 17571,South Sarastad,0016242963440099
599,Gomez LLC,Restaurant,388 Zuniga Trail Suite 934 Jodiburgh_ DC 27839,Carlborough,0878534529913
600,Green LLC,Catering Service,898 Michael Mall East Randy_ RI 35381,Meganshire,6599484636
601,Owens-Johnson,Catering Service,1058 Kimberly Locks Port Emily_ IL 57473,Port Troychester,051220530761376
602,Cole LLC,Grocery Store,USS Zhang FPO AP 50279,North Destiny,00107837980752377
603,Waters-Bass,Restaurant,1890 Jeremy Road Suite 876 Robertborough_ DC 41078,West Stephen,7086323778183
604,Cook Inc,Supermarket,2181 Heather Plain Millerville_ NJ 64347,New Lisa,+1439023833000528
605,Maddox PLC,Catering Service,20566 Aguilar Road Suite 772 New David_ FL 55621,West Tylerberg,841228942
606,Freeman_ Decker and Johnson,Grocery Store,6294 Gregory Throughway Suite 517 West Marychester_ NM 35832,North Nathan,2908495446412
607,Mclean_ Lopez and Stephens,Supermarket,1800 Robert Drive West Shannonton_ GA 52400,Shawnborough,357864260699209
608,Love-Montgomery,Grocery Store,36635 Lang Fords Apt. 863 South James_ FL 70248,Collinsmouth,1642698070
609,Torres-Dunlap,Restaurant,Unit 1623 Box 5952 DPO AA 55518,South Christopherborough,0573421300473
610,Kelly_ Cummings and Ward,Supermarket,Unit 4632 Box 7131 DPO AP 21204,Allenton,7950787850
611,Williams-Manning,Supermarket,99495 Cook Fork Apt. 475 North David_ WA 68629,Port Kendraborough,00105024804301092
612,Dickerson_ Mason and Lyons,Grocery Store,88934 Alexander Loaf Apt. 456 West Jason_ IN 36932,Kimberlychester,33949290495615
613,Cross and Sons,Grocery Store,0635 Kathy Mountain Suite 592 Griffithville_ CT 03000,Petersonburgh,2499148837
614,Morris_ Mcpherson and Edwards,Supermarket,2570 Frost Green Apt. 854 West Rachel_ MA 88616,Robertshire,5267661952181
615,Smith LLC,Grocery Store,0172 Andrew Mall Suite 480 Lake Karaland_ MA 41959,New Josemouth,1288966674
616,Moore-Flowers,Restaurant,57451 Davis Port Apt. 531 East John_ CT 19104,Clarkberg,25632686816129
617,Willis-Luna,Restaurant,3122 Torres Stravenue Ramosborough_ AZ 89701,East Jennifer,0011786285939
618,Gross and Sons,Restaurant,PSC 7998_ Box 2478 APO AE 45856,Murphyberg,001199056310142375
619,Hopkins_ Mora and Green,Grocery Store,036 Valerie Land Garzashire_ WI 83113,North Katelynland,001965519245624569
620,Jenkins-Hughes,Restaurant,70040 Nicholas Tunnel Suite 144 Port Gwendolyn_ UT 81199,New Jason,2958100522881
621,Chan Group,Supermarket,5632 Katie Forks Suite 162 West Markfurt_ AR 19503,Sarahland,+11191048140852
622,Chang_ Estrada and Peters,Catering Service,86159 Mark Track Suite 676 Turnermouth_ IA 56857,East Annshire,8503009206
623,Williams Inc,Supermarket,8908 Rich Road Marvinfurt_ MT 26167,Latoyaberg,0313478261
624,Mendez_ Jones and Montgomery,Grocery Store,530 Michael View Burtonview_ NJ 13987,New Kevintown,4804280968
625,Whitney-Fields,Grocery Store,643 Morgan Rapids Apt. 181 Lake Susan_ RI 01256,East Lisa,39947948800272
626,Trevino Ltd,Supermarket,5019 Johnson Extensions Suite 914 Harrismouth_ KS 80788,Heathermouth,02230546978681
627,Carson_ Hernandez and Sherman,Restaurant,104 Cooper Roads Apt. 707 Jenkinsfurt_ AZ 27878,Nathanielbury,17499871879074
628,Hunter_ Bell and Griffin,Catering Service,146 Jonathan Skyway Apt. 608 Williamsland_ MD 48062,Port Jillian,208474038228468
629,Nelson and Sons,Grocery Store,9591 Hess Terrace New Kylie_ NV 59106,East Joseph,0016063859319781
630,Mathews-Harrison,Catering Service,2849 Harris Views Suarezberg_ AZ 03015,West Matthew,2784103369739
631,Mueller_ Savage and Hudson,Supermarket,959 Joseph Square Apt. 513 Lake Jennifer_ IL 84011,North Kevinhaven,9955051664
632,Oliver_ Ross and Johnson,Supermarket,24971 Stephanie Manors Suite 735 East Jessemouth_ SD 28563,Davidville,0011798984092
633,Andrade_ Gross and Wallace,Grocery Store,USNS Brewer FPO AE 48783,Fisherstad,0011274265890378
634,Morgan-Blackwell,Supermarket,5801 Duncan Shoals West Rachel_ TX 93833,Colemanton,2542159233
635,Ingram PLC,Catering Service,270 Suzanne Mountain East Jason_ FL 72390,South Jeffery,363940307814194
636,Carroll-Stanley,Grocery Store,Unit 2028 Box 0350 DPO AP 33410,West Omarside,849339168768179
637,Rodriguez LLC,Grocery Store,32957 Davis Squares Apt. 352 Port Teresa_ TX 28764,East Williamshire,001157833700808964
638,Patterson Inc,Restaurant,440 Donald Corner Apt. 571 Sandraberg_ VA 54153,Jeffreyport,0192317207
639,Chandler-Roberts,Supermarket,0090 Jerry Viaduct Lake Suzannechester_ GA 84592,Richardsonhaven,6710360993233
640,Cook_ Jackson and Griffith,Grocery Store,45823 Wright Point Apt. 175 Morrowbury_ SC 14712,West Tinamouth,496170053612668
641,Burns-Smith,Supermarket,337 Leblanc Lodge Apt. 412 Markburgh_ NM 79330,Tammyside,939
642,Woodward-Jensen,Catering Service,USCGC Ewing FPO AP 42279,Lesterstad,432670654260306
643,Dixon LLC,Supermarket,11321 Nicholas Estates Suite 016 Leeland_ LA 25575,North Ebony,+1283422554000555
644,Walsh-Jones,Restaurant,1201 Jesus Port West Alicia_ MI 39222,Sandersshire,3270926148
645,Herrera_ Clark and Brown,Catering Service,USNS Moore FPO AE 50173,Durhamchester,840466666782987
646,Yates-Avery,Restaurant,7398 Arnold Parkways Suite 894 South Anthony_ NC 58831,Scotthaven,4105317418
647,Hayes Inc,Restaurant,196 Emma Ville South Lisaside_ CT 21368,West Kara,42340259494533
648,Sanchez-Cummings,Restaurant,39631 Bruce Unions Kaitlynside_ NM 86509,Lake Xavierburgh,2809861102593
649,Brown and Sons,Restaurant,962 Carla Villages Suite 460 North Johnstad_ WV 97942,Lake Benjamin,0011243136789492
650,Pugh Group,Restaurant,53593 Andrew Vista Apt. 903 Martinfurt_ KY 87501,Garzaville,+1089261986615160
651,Robinson and Sons,Supermarket,51806 Natalie Throughway Apt. 212 South Alyssa_ MA 55906,North Lisamouth,+11994218051664
652,Sullivan-Golden,Catering Service,272 Linda Drives Avilaland_ AK 39073,Port John,101936105009281
653,Perry_ Perez and Carter,Catering Service,178 Randy Fords East Chadton_ TX 86183,Cameronside,0855885857
654,Hunt_ Lee and Winters,Supermarket,310 James Locks Suite 685 Chenfurt_ OK 58448,Derekland,4809
655,Smith Group,Restaurant,USCGC Meyer FPO AP 46538,Jimmyberg,69413466168811
656,Henry PLC,Restaurant,10897 Duncan Manors Apt. 117 Whitneyshire_ IA 92311,South Tiffanyfort,10457678552145
657,Carpenter-Wright,Supermarket,2253 Paul Circles Taylorland_ CA 85679,Davidland,00148238173414903
658,Collins Inc,Catering Service,40526 Arthur Summit Fernandofurt_ DC 13182,North Ravenfurt,+1871495286610181
659,Callahan-Olsen,Restaurant,Unit 8901 Box 2688 DPO AP 76819,East Lori,479524339653216
660,Little-Novak,Catering Service,3955 Kerri Wall Suite 470 South Juan_ OH 39390,Michellechester,82719498182685
661,Rowe PLC,Grocery Store,1614 Mayo Stravenue Kaiserville_ AR 87652,Lake Donaldchester,+18450114333510
662,Morris_ Mcintyre and Austin,Supermarket,9972 Katherine Pike Apt. 731 Mendozaborough_ ND 13509,Port Lesliebury,0010959505858
663,Davis-Lutz,Supermarket,57240 Jennifer Port Port Aaronland_ SC 20896,New Joshuamouth,598537689539918
664,Caldwell PLC,Catering Service,07281 Daniel Viaduct Gabrielmouth_ OK 76168,Jeffreyshire,+160832725653004
665,Ortega-Webb,Catering Service,62621 Mikayla Hollow Suite 797 Melendezview_ ME 58412,West Billborough,001646036917342885
666,Hopkins and Sons,Supermarket,PSC 9032_ Box 8873 APO AA 93892,Lake Lisa,2580626080783
667,Bailey_ Burke and Green,Supermarket,738 Reed Branch Suite 823 Williamsfurt_ MO 25272,Estradafort,1907308257
668,Williams_ Simpson and Waters,Grocery Store,6223 Bailey Knoll Suite 714 North Natashatown_ IL 23650,Salinasville,9364930023
669,Fox Inc,Supermarket,4029 Peter Locks Fisherstad_ UT 42054,New Heidi,6234396993
670,West-Reilly,Supermarket,756 Megan Ranch Apt. 775 Port Jeffery_ IL 94423,Lake Jaclyn,573885997559706
671,Sanders and Sons,Grocery Store,0805 Nicholas Oval Suite 499 New Randy_ WI 52774,North Catherine,+13089862848196
672,Ferguson_ Henderson and Watson,Catering Service,89711 Cassandra Overpass Williamchester_ AZ 28267,North Mariahchester,35137982974923
673,Reynolds Group,Restaurant,7279 Joseph Ramp Port Shawnborough_ GA 33669,New Connorfort,2698
674,Reid-Johnson,Restaurant,3607 Williams Canyon Suite 553 East Marcmouth_ DC 84269,Anthonyhaven,0714616662422
675,Stevens-Lopez,Grocery Store,52096 Jeremy Place Ambertown_ AL 54808,Peterhaven,2348582605778
676,Osborne LLC,Catering Service,448 Thompson Creek West Diane_ WV 52163,Lake Jasmin,+13404368105510
677,Gonzalez_ Dunn and Oconnell,Grocery Store,778 Richard Glen Suite 654 Cassandrafort_ CA 25549,Williamsmouth,+160544981411518
678,Ruiz-Oneal,Grocery Store,934 Kelsey Shoals Tiffanyburgh_ IL 56636,Lake Travis,5693630118
679,Owens_ Johnson and Anderson,Supermarket,1837 Johnson Forest Davisberg_ CA 26735,Lake Gary,849051139970295
680,Chavez-Grimes,Grocery Store,507 Johnson View Garnerville_ GA 24621,Hillburgh,00183144936384631
681,Todd-Jackson,Supermarket,184 Gregory Fort Apt. 518 North Glenn_ OR 97758,Darrellfurt,4606590802
682,Clark Inc,Supermarket,896 April Underpass Apt. 635 Camachoberg_ OK 17853,Leonardborough,2601872522030
683,Pratt Ltd,Grocery Store,2440 Bauer Drive Wellsstad_ PA 54419,Christinetown,00131803589592452
684,Davis_ Hardin and Merritt,Grocery Store,USNV Calderon FPO AP 80186,Jimmymouth,8645900521094
685,Scott and Sons,Supermarket,320 Justin Centers Apt. 436 West Carrieside_ ND 53538,Maysside,0010858251185328
686,Collins_ Hughes and Palmer,Grocery Store,28395 Mueller Cliffs Apt. 231 Lake Kelly_ MN 69836,South Kellyland,00172475656977877
687,Mcdonald-Howell,Catering Service,93955 Mann Pines Port Stevenbury_ PA 67605,North James,504183240084016
688,Chen_ Walker and Fisher,Grocery Store,1585 Price Mountains Apt. 462 Port Jessicashire_ GA 79191,Pamelaburgh,00112168256542822
689,Rodriguez_ Robinson and Conway,Catering Service,4059 Jenkins Ports Suite 961 North Colleen_ AZ 95737,Holtmouth,8356509674
690,Valenzuela-Garrett,Grocery Store,824 Harold Heights Evansborough_ MA 43364,Lake Cheryl,+15524331217647
691,Obrien_ King and Robinson,Restaurant,560 Diane Place North Carla_ SC 62821,Youngchester,+15132648229419
692,Rocha_ Johnson and Dunlap,Supermarket,31552 Jodi Motorway Suite 547 Allenport_ AR 98936,South Andrewport,5994
693,Salazar PLC,Restaurant,384 Allison Ports North Rachel_ CT 22924,Raybury,1805919657697
694,Avery PLC,Supermarket,679 Quinn Rapid Apt. 934 Joyborough_ WY 99210,Amandashire,5891221214989
695,Fox-Perez,Supermarket,Unit 3530 Box 4051 DPO AA 84294,Hayesville,41850622170513
696,Bishop-Singleton,Grocery Store,076 Matthew Center South Jasonbury_ NH 86592,Davidville,00168750183472632
697,Rodriguez_ Thomas and Foster,Restaurant,792 Mathews Course Suite 808 Kevinmouth_ MD 24910,Padillatown,5643310431
698,Hawkins-Novak,Grocery Store,2372 Jessica Lake Lake Tamara_ NY 49712,Phillipsmouth,9611447736679
699,Carr Group,Grocery Store,1873 Jeffrey Prairie Suite 484 North Chadmouth_ OH 55679,Jamesport,+133481106346842
700,Webster and Sons,Supermarket,9427 Jones Ridges Suite 824 South Brendan_ CT 19533,Morriston,161555421817236
701,Pearson-Barry,Restaurant,9596 Adam Trail Apt. 428 Lake Christopherburgh_ TX 14456,Browntown,+1132394976975463
702,Moreno-Melton,Supermarket,88171 Teresa Station New Shane_ UT 53712,Lake Mistyton,0010982977862776
703,Pierce Group,Catering Service,87040 Smith Lodge New Robertbury_ DE 31100,Lake Jamestown,+184345770963283
704,Bush-Murray,Restaurant,2389 Evans Courts East Laurabury_ MS 75092,Galvanfurt,7996183759874
705,Brown-Stephens,Grocery Store,61032 Espinoza Road East Ronaldburgh_ IA 34355,East Robert,1191146136472
706,Hughes PLC,Supermarket,94788 Garcia Ports Suite 459 West Michellestad_ MT 79129,Sarahview,55641345673854
707,Peterson_ Lee and Moore,Supermarket,439 Dana Vista North Tracyton_ TN 34903,Laurietown,710623877866342
708,Cruz-Morrow,Catering Service,278 Kevin Vista Suite 607 Jessicaville_ NE 43011,West Elizabethport,537625729322343
709,Barry Group,Restaurant,632 Wong Place West Shane_ CO 27966,South Kathryn,+153359200095523
710,Adams-Meyer,Catering Service,61134 Steve Expressway New Cindy_ SC 37620,Mikaylachester,+13347570819808
711,Jenkins Group,Supermarket,7213 Johnson Glen Suite 222 North Lauren_ NY 58260,Lake Larry,001493150373013002
712,Payne Inc,Restaurant,9339 Jackson Spur Williamsshire_ ID 32726,Huberstad,0011489214043467
713,Bell-Newman,Grocery Store,59464 Conner Lake North Gracechester_ AR 71191,Smithmouth,2394351256
714,Ramos Group,Catering Service,2242 Olivia Grove Haileymouth_ NH 71518,North William,7279870431177
715,Reyes-Stewart,Restaurant,PSC 8297_ Box 4959 APO AA 73797,South Jason,5508210945
716,Wright-Hogan,Catering Service,67942 Butler Stream Apt. 519 West Terrichester_ NV 43420,North Ryan,001280488821018348
717,Shepherd and Sons,Catering Service,533 Peters Locks Suite 995 West Mindyhaven_ MS 87079,Pamelaberg,10318
718,Livingston Inc,Restaurant,451 Smith Orchard Suite 751 East Rebecca_ VA 23186,Port Victoria,8411
719,Graham PLC,Restaurant,718 Christina Fall New Martinville_ WV 97137,East Cynthia,743262145701922
720,Page_ Smith and Davis,Restaurant,065 Mary Estate Apt. 886 North Jessica_ NY 33169,Francisshire,92147088463047
721,Randolph-Bauer,Catering Service,117 Kayla Ramp Suite 638 Jenniferstad_ MS 30328,Port Staceymouth,2885719618
722,Young-Luna,Restaurant,42661 Harris Motorway Apt. 610 Garrettville_ OH 22338,Linchester,001367389803871593
723,Butler-Phillips,Supermarket,USNV Gordon FPO AP 25294,Jessicaland,+13663627376557
724,Thompson Ltd,Catering Service,7872 Davis Corners Apt. 807 East Christopherhaven_ MO 74535,Port Juliafort,+190169205618582
725,Nguyen_ Chan and Brown,Grocery Store,6755 Lindsay Port Allenland_ LA 52111,New Evanport,7476924848020
726,Hancock-Jackson,Supermarket,75914 Smith Freeway Burnsshire_ KS 10093,Shortfurt,0017698640777950
727,Rowe-Chen,Supermarket,304 Leslie Key Middletonfurt_ IN 01285,Aguirreville,8228891240
728,Cruz and Sons,Supermarket,844 Smith Inlet Christinechester_ OH 87700,South Allison,169675287074675
729,Bennett Inc,Grocery Store,699 Ricardo Knoll Jeffreyside_ CT 99334,Lake Nathan,+14406392296544
730,Arroyo-Henderson,Supermarket,5364 Young Radial Apt. 906 Lake Kelly_ NH 41322,Benjaminstad,31301960788326
731,Ayers-Lewis,Grocery Store,908 Frazier Estates West Travis_ KY 18812,East Christophertown,001823662350158107
732,Mendoza LLC,Supermarket,07376 Joe Locks Apt. 174 Lake Joseside_ MO 10326,Ginaview,6367630459119
733,Hall-Bailey,Catering Service,55243 Harris Falls Suite 091 Elizabethfort_ VA 00788,North Bethanyville,001857024254771955
734,Patterson-Collins,Catering Service,507 Kelly Plain Suite 072 South Christopher_ CA 06744,Port Anita,+14661244012842
735,Koch Inc,Restaurant,97748 Anderson Port Audreyberg_ TN 75408,Westmouth,97242738095165
736,Reed LLC,Supermarket,9132 Garcia Estates North Carolynshire_ TX 77749,East Anthony,4275541262
737,Ballard_ Stanley and Hill,Restaurant,USCGC Holt FPO AA 27710,Port Andrea,409995207369158
738,Combs Ltd,Grocery Store,1020 Murray Gateway Smithton_ HI 44207,West Kelli,1674860883
739,Jacobs PLC,Grocery Store,293 Vernon Garden Apt. 024 Tiffanymouth_ KY 89919,Markborough,0243415235050
740,Cunningham Ltd,Catering Service,46457 Alvarado Mews Apt. 640 Terrymouth_ VT 01681,Port Marissachester,498839728463534
741,Martin_ Richardson and Snow,Catering Service,Unit 3436 Box 4523 DPO AE 51665,West Anthonymouth,0131811620
742,Harmon_ Hunt and Daniels,Catering Service,398 Keith Islands New Michael_ ND 26141,Port Jennifer,4404860759
743,Mayer_ Hawkins and Day,Supermarket,PSC 4292_ Box 5900 APO AE 49106,South Richard,+1206641209902965
744,Martin_ Sosa and Fleming,Restaurant,424 Leonard Unions Lewisland_ MT 30183,North Jenniferport,4335526313
745,Martinez_ Armstrong and Carroll,Grocery Store,43311 Lewis Ville South Davidside_ MA 08450,East Lisa,5777868133
746,Carr-Morrison,Grocery Store,26296 Brennan Neck Apt. 815 Leahville_ WA 35764,Sarahside,3313094173
747,Stafford_ Johns and Dunn,Restaurant,Unit 5820 Box 3745 DPO AP 87833,Richardmouth,7617273251
748,Adams and Sons,Supermarket,849 Ernest Ramp Apt. 938 West Sharon_ UT 25509,Port Hannah,508335147
749,Ramirez Inc,Grocery Store,971 Rodgers Drive Suite 338 North Karabury_ VA 79151,Lisafort,00139729360502868
750,Barnes and Sons,Supermarket,41662 John Shoals Apt. 246 West Shannon_ NM 07777,Michaelton,5470404732
751,Bryant_ Jacobson and West,Restaurant,127 Michelle Views Suite 097 Lake Steven_ TX 04725,East Richardside,001075347023669878
752,Butler-Richardson,Grocery Store,99213 George Spurs Suite 321 Petersenberg_ MA 55289,East Heatherport,3388
753,Lawrence-Clark,Supermarket,699 Brooks Parkway Davisside_ AL 18704,South Randy,122170545233780
754,Rodriguez and Sons,Restaurant,210 Dickerson Pine Port Troy_ KY 22574,North Sharonburgh,4773093018208
755,Jackson-Good,Restaurant,1947 Leonard Mission Suite 695 East Kenneth_ NJ 60142,Port Rebekah,5402653116
756,Tate-Reed,Restaurant,22115 Shane Way Suite 117 Mariaville_ IA 31143,New William,07679952479326
757,Davis Ltd,Restaurant,88279 Luis Throughway Apt. 639 Thomasberg_ NM 37613,Adamsville,1121223591558
758,Todd Group,Catering Service,Unit 6259 Box 3832 DPO AE 28167,Port Patrick,2367228623
759,Martin_ Cohen and Haynes,Restaurant,6719 Yolanda Via East Jill_ TN 80794,South Joshua,001677604853889487
760,Frederick LLC,Supermarket,6559 Matthew Turnpike Johnsonchester_ AK 98520,Yatesside,7848600232137
761,Abbott_ Brooks and Moreno,Catering Service,07566 Pacheco Port Apt. 447 Jenniferstad_ VT 74898,New Zachary,6054445107
762,Simmons Group,Restaurant,86763 Johnson Ramp Suite 259 Adamberg_ CT 79300,West Lucasville,0025035955077
763,Manning Ltd,Restaurant,91482 Adam Light Suite 699 Robertberg_ MA 25709,Josephburgh,1872863552
764,Villegas_ Chen and Campos,Restaurant,5698 Trevor Ridges Samanthaburgh_ VT 05005,New Travisshire,6196614594325
765,Wong-Wilson,Grocery Store,1663 Lindsey Knoll Suite 148 South Emmachester_ LA 53472,South Douglashaven,6938326017426
766,Parker Group,Catering Service,017 David Crossing Suite 956 South Debraview_ MO 17664,Jonathanmouth,197775786284876
767,Conner_ Martinez and Ward,Restaurant,201 Ortega Points New Georgeland_ CA 73855,Codyview,177150246849541
768,Davis_ Hughes and Leblanc,Restaurant,64539 Sabrina Rest Port Dennisfort_ FL 23814,South Danielle,4503882214
769,Andrews Inc,Catering Service,26341 Angela Canyon Wheelerland_ RI 53891,Carrport,00125765692606347
770,Schneider-Suarez,Supermarket,73422 Morgan Plains East Destiny_ SD 76863,East Melissa,00159765825448112
771,Martinez_ Davis and Simmons,Grocery Store,679 Lee Prairie Apt. 468 New Samuel_ CA 74608,West Christopher,02426898648442
772,Hester-Vaughn,Supermarket,11290 Lindsay Knolls New Teresa_ KS 45517,Leonfort,4402525984
773,Wilson and Sons,Grocery Store,503 Heidi Union Suite 064 Garciachester_ NM 90354,Port Julia,7052775779
774,Thompson and Sons,Catering Service,3501 Goodwin Streets Suite 016 Lake Kristinastad_ NJ 25573,New Zachary,36601069958345
775,Rhodes_ Vasquez and Ayala,Restaurant,968 Brian Parkways Port Jon_ TX 15577,Lake Bianca,001527514846280976
776,Lee_ Walker and Woodward,Supermarket,Unit 7428 Box 9237 DPO AA 51656,Williamview,0018008256958
777,Giles_ Weiss and Brown,Catering Service,44972 Lawrence Wall West Joseph_ NC 35887,Wilsonview,6766883967
778,Blanchard-Parsons,Catering Service,81800 Preston Land Apt. 698 Murphyport_ MS 99875,Edwardsbury,1686096009
779,Maynard LLC,Supermarket,7357 Kimberly Estate Williamtown_ TX 45569,New Bobbytown,41697493208176
780,Lee LLC,Catering Service,056 Valentine Village Suite 407 Bryantmouth_ RI 56149,North Caitlin,1257451987650
781,Lozano and Sons,Grocery Store,4617 Reed Wells Suite 310 Lake Daniel_ GA 76092,Raymondview,1248243776
782,Wheeler-Galvan,Supermarket,2915 Teresa Orchard Apt. 925 East Jacobmouth_ AR 92844,North Mary,8519261633
783,Cooper LLC,Restaurant,30047 Maldonado Mission Apt. 779 Lindamouth_ CA 11952,Port Melanie,001120947817714998
784,Wolfe_ Hull and Richardson,Restaurant,98375 Christine Mountains New Kelly_ MD 32374,Gibsonfort,64921028860203
785,Crane LLC,Catering Service,32159 Bradley Canyon Stevensonside_ VA 33070,Lindseybury,00100454559011754
786,Simmons-Davis,Restaurant,788 Tiffany Spur Apt. 373 Port Matthew_ NY 44804,Basstown,532668429187339
787,Potts_ Williams and Adams,Grocery Store,1897 Elizabeth Throughway South Shawn_ TN 56135,Lake Charleston,0760048874
788,Russell and Sons,Supermarket,44158 Williams Plaza Apt. 122 Chavezhaven_ LA 02481,New Michaelmouth,2015011781
789,Blair Group,Grocery Store,602 Maria Dam Tinatown_ WA 91444,Lake Maria,0011340298765104
790,Phillips and Sons,Supermarket,USNS Rocha FPO AP 15184,New Willieburgh,0014935280886728
791,Aguilar Group,Grocery Store,292 Torres Village Johnland_ IL 09607,West James,39025705184479
792,Rogers-Maldonado,Catering Service,9659 Reed Ridge Waltersshire_ MO 80569,Mortonfort,343728000945256
793,Thomas-Flores,Grocery Store,259 Walker Hollow East Seth_ AL 67266,West Brandon,5670809984776
794,Coleman_ Williams and Nichols,Supermarket,7897 Jenna Spring Suite 591 Jordanport_ MA 64286,Woodport,3124904832
795,Rollins-Mclaughlin,Catering Service,9872 Reginald Locks Suite 116 Deniseland_ CO 25700,Brownberg,72850963407211
796,Meyers-Black,Supermarket,60983 Garcia Ways Apt. 475 Gracefort_ WI 40941,Drakeville,71313815237028
797,Reed-Williams,Catering Service,57484 Adams Well Apt. 314 Jonesfort_ VT 30639,Derekshire,0014036946449
798,Jordan LLC,Grocery Store,2673 Maria Knolls Comptonborough_ NY 52749,North Amanda,5669
799,Estes LLC,Catering Service,175 Douglas Flat Gregoryside_ WI 12800,Leslieville,00142929655877891
800,Hughes_ Fuller and Sanchez,Catering Service,19447 Michael Locks Apt. 580 Thompsonburgh_ NJ 75869,East Amyfurt,0404730155
801,Black Group,Catering Service,470 Renee Oval South Julia_ KY 65367,North Joseph,001996238725585073
802,Williams Inc,Catering Service,269 Isaiah Point Suite 901 Lake Shaneville_ KS 49945,North Katherineshire,13426671042168
803,Frank and Sons,Supermarket,68469 Butler Ranch Suite 190 New Melissa_ NY 96885,Petersonside,9450011935424
804,Jackson Ltd,Restaurant,45950 Gould Stravenue Suite 966 Lauraton_ MT 41682,North Ashley,+18712145204667
805,Cowan-Peterson,Restaurant,683 Rhodes Lodge Port Latoyafurt_ KS 03941,Reynoldsbury,0011038487464001
806,Stone LLC,Supermarket,88440 James Lodge Suite 431 Mariaberg_ TX 24138,West Samuelfurt,4505959061
807,Stewart_ Rocha and Torres,Supermarket,0532 Cheryl Plains Nicholasview_ WA 35943,Williamland,+11384709169439
808,Hill-Russell,Grocery Store,68533 Martin Fork South Morganfort_ IL 17612,New Carol,0756309218
809,Baker_ Valencia and Smith,Restaurant,4862 Clark Spurs Lake Richard_ MS 20484,Amandaborough,3979670645
810,Austin_ Griffin and Ward,Catering Service,5382 Michelle Manor Apt. 817 East James_ MO 47545,Lake Jason,8775275031
811,Hall-Barnett,Grocery Store,574 Sutton Lakes North Joan_ NY 91914,East Emily,+141615059408255
812,Stone Inc,Grocery Store,388 Michelle Shore Port Kimberlyside_ FL 70535,Leville,4687549363
813,Payne Ltd,Supermarket,4541 Megan Points Apt. 886 Wrightfort_ RI 22327,East Michael,+1499883944024317
814,Scott_ Lopez and Baldwin,Grocery Store,335 Mark Center Grantport_ HI 41240,Allenborough,0015906442836
815,Brown-Butler,Grocery Store,USCGC Steele FPO AE 35280,Ashleyhaven,5093901118
816,Dunlap Inc,Supermarket,416 Mariah Ridge Suite 777 New Laurafurt_ TN 19711,New Jamesburgh,9097200844
817,Mullins Ltd,Restaurant,762 Young Locks Apt. 246 Brownhaven_ WV 44739,Walterton,3974
818,Murphy_ Harris and Quinn,Restaurant,PSC 3393_ Box 0158 APO AE 18045,Port Brett,0805353645
819,Wallace and Sons,Restaurant,7743 Russell Cove Port Tonyatown_ KS 97653,Robertschester,2775282339
820,Sanchez Group,Supermarket,USS Hernandez FPO AP 68693,New Emily,797145655937937
821,Peck-Norris,Supermarket,75929 Tyler Corner Lake Christopherland_ VT 54608,Jordanberg,4478124442
822,Thomas_ Brock and Ali,Grocery Store,2636 Hayes Landing Ramseychester_ PA 35913,Lake Kelly,5020875543
823,Murphy Ltd,Restaurant,8991 Elizabeth View Andrewston_ MT 46774,South Andrew,7980
824,Howard-Williams,Supermarket,662 Brenda Inlet Apt. 504 North Calvin_ AK 36811,Lopezport,72815626587091
825,Smith_ Lynch and Anderson,Supermarket,85965 Vanessa Hollow New Patriciamouth_ WA 82198,South Bryan,+1560761684329675
826,Rogers_ Harmon and Gordon,Supermarket,13984 Mann Ford Apt. 634 Port Johnside_ AL 55278,Lake Karenfurt,42110628715106
827,Stewart_ Cox and Tate,Grocery Store,Unit 7108 Box 6674 DPO AE 90873,East Kimberly,754822687975255
828,Campbell LLC,Catering Service,9892 Christopher Park Suite 948 Davidfurt_ TN 47444,Torresshire,4087920799
829,Marshall-Huffman,Grocery Store,010 Williams Ville Suite 868 South Patricia_ MS 92938,Mendozastad,0013204951470
830,Snow PLC,Catering Service,8892 Christine Court Lake Jamestown_ MI 56025,West Charlesborough,00165637095659479
831,Figueroa Inc,Catering Service,5678 Washington Pines Suite 444 Millerfurt_ DE 55779,Lewishaven,1075928920
832,Martin_ Johnson and Herrera,Supermarket,7208 Garcia Drive Suite 415 South Crystalmouth_ PA 88821,North Richard,4140008857
833,Mcclain Ltd,Catering Service,8220 Nicholas Mission Suite 606 Dillonfort_ OK 61228,Katherineborough,0015044784608690
834,Bruce Inc,Supermarket,642 Schultz Divide Apt. 480 Matthewview_ PA 26612,Harrishaven,25801209288067
835,Smith-Paul,Catering Service,807 Taylor Stream New Cameron_ AR 20442,Thorntonbury,001222287592326280
836,Phillips PLC,Catering Service,4419 Moore Pike Apt. 613 West Cheryl_ VA 40988,New Ninashire,+104120097243812
837,Horn-House,Supermarket,59435 Benjamin Mountain Amandamouth_ VA 67842,South Charles,27459609604039
838,Weaver-Walker,Grocery Store,0462 Kelly Junction Apt. 610 West Christophertown_ MD 16033,North Biancaview,6842148678814
839,Roth_ Estrada and Vang,Grocery Store,9894 Thornton Stream East Wesley_ VA 88439,Port Erin,5238378597
840,Farmer Ltd,Restaurant,594 Patel Road Suite 676 Autumnborough_ AK 45847,Cisnerostown,92414755621759
841,Smith Inc,Restaurant,876 Mckinney Circles Suite 026 Taylorchester_ OH 43657,Lake Tamara,8710826155450
842,Nguyen-Vasquez,Supermarket,23097 Robinson Isle New Barbara_ MT 56782,East Janet,3304196965494
843,Carroll PLC,Catering Service,PSC 4547_ Box 7966 APO AE 27140,North Kennethview,81007571914578
844,Gallagher-Brown,Grocery Store,USNV Morris FPO AP 79488,Olsenstad,9339428554
845,Golden Group,Supermarket,2558 Barr Loaf Michaelhaven_ WV 26626,Parksburgh,01285349434132
846,Miller Inc,Supermarket,7787 Warren Estates Suite 246 Phillipsburgh_ OK 32953,South Thomasville,39414452692229
847,Pollard_ Collins and Watson,Supermarket,Unit 4908 Box 4008 DPO AE 21178,Williamsonmouth,218505685764219
848,Fisher PLC,Supermarket,350 Danny Flats Suite 806 Smithfort_ IN 28216,Fowlerbury,+18231815943270
849,Brown and Sons,Supermarket,725 Garner Locks Andrewchester_ MI 49979,South Christopherborough,3524814738
850,Cooper_ Osborn and Clark,Grocery Store,8962 Robinson Greens Suite 631 Pricechester_ LA 52710,North Stevenbury,00154893043926738
851,Miller-Clark,Supermarket,54061 Billy Locks Suite 765 East Martin_ ND 10197,Kaitlynville,5408587855
852,Jones-Burnett,Grocery Store,515 Elizabeth Well Suite 591 East Paul_ IN 33760,East Shanestad,0017183678316
853,Jefferson Group,Catering Service,668 Brown Walks Davisfort_ MI 56210,East Michelle,3908403570
854,Johnson LLC,Supermarket,21555 Sanchez Streets Apt. 988 South Kimberly_ MT 97822,Smithstad,19547742782975
855,Cox_ Rogers and Horne,Restaurant,558 Shawn Well Apt. 218 Lake Saraville_ IA 58123,Bryantton,0452880356
856,Hernandez_ Lee and Dodson,Grocery Store,4238 Jerry Ranch Suite 083 Kiddview_ RI 15092,Brewerfort,+15638109329657
857,Holmes-Schaefer,Supermarket,61354 Tina Cliff Sandershaven_ UT 60062,Jordanborough,759916326789739
858,Petersen_ Morrison and Woods,Restaurant,7626 Stephanie Creek Suite 634 Juliashire_ WI 41937,Johnsonborough,3081
859,Bradshaw Ltd,Restaurant,PSC 6707_ Box 4294 APO AA 42923,Frostberg,0566043679
860,Fields-Craig,Catering Service,69619 Townsend Square Apt. 545 South Hollyside_ LA 94071,North Valerie,0011204594801
861,Rogers_ Robbins and Cook,Grocery Store,9927 Russell Pike North Barry_ NM 90744,Lake Kendramouth,3870133363
862,Obrien-Carr,Grocery Store,7915 Jacob Tunnel Suite 241 New Lisaport_ HI 08755,East Tammy,09638148814011
863,Johnson-Mejia,Restaurant,USNS Callahan FPO AA 79594,Port Michael,14573369774017
864,Mckinney-Harris,Catering Service,9562 Moore Vista Port Michael_ HI 54640,Cabreraberg,2513
865,Coleman LLC,Grocery Store,972 Gonzalez Lodge Richardsonview_ UT 93978,New Frank,2380951783
866,Jones-Patterson,Grocery Store,622 Alan Park Apt. 298 Lake Kimberly_ ND 78178,New Robertstad,9403549558
867,Simpson Group,Supermarket,2348 Daniel Crossing South Sarahhaven_ CO 35631,Judystad,+17745329866479
868,West_ Martinez and Warren,Grocery Store,185 Bruce Mission Janeburgh_ MI 52383,Rodriguezview,042376121266871
869,Manning and Sons,Restaurant,Unit 1702 Box 1802 DPO AE 00968,Port Hannahmouth,7320
870,Mcgee PLC,Supermarket,651 James Path West Stephenside_ MT 25848,New Hollyfurt,378777766860325
871,Burke_ Yates and Hicks,Supermarket,6295 Eric Valleys Suite 028 Taylorhaven_ AR 18369,Madelinechester,868621110714787
872,Calderon-Torres,Supermarket,020 Griffin Glen Suite 717 Molinafurt_ MS 51202,Ramosville,7936612764
873,Parsons and Sons,Catering Service,52339 Angela Circle Stevenville_ WY 85182,East Sonyaport,16947032507530
874,Long-Alexander,Catering Service,4601 Samuel Ranch Suite 442 New Ronald_ SC 13631,Priceland,3286380829010
875,Mendoza-Espinoza,Grocery Store,8229 Sheila Trail New Erica_ DE 07371,South William,029780268185712
876,Rosario-Porter,Grocery Store,538 Ramsey Trace Romeroland_ MA 69729,Brookeland,8675953131
877,Hughes-Hart,Grocery Store,0824 Ronald Branch West Rogerstad_ NM 76134,Campbellchester,+1165641760658790
878,Richardson-Jones,Supermarket,4052 Brown Gateway Port Susan_ MT 01391,Tracyfort,1411728997285
879,Hughes Ltd,Supermarket,Unit 7379 Box 0879 DPO AP 36544,Lake Michael,51265437427158
880,Johnson-Brown,Catering Service,06136 Jessica Parkways Littletown_ CA 68113,Sheenashire,2525718129
881,Hall_ Taylor and Anderson,Restaurant,22046 Barry Turnpike Apt. 458 Wilsonshire_ GA 77403,New Jenniferbury,0015954563203
882,Freeman_ Allen and Castaneda,Supermarket,58124 Reeves Stream Suite 880 Dayfurt_ IA 16577,Jenniferville,1621392884
883,Lewis_ Wagner and Solis,Supermarket,250 Chloe Common South Elizabethbury_ NH 23690,New Jacob,0010944808706
884,Hill-Anderson,Grocery Store,500 Jones Circles Apt. 341 Brendaside_ NJ 13591,Robinsonfort,10034
885,Spears_ Anderson and Huffman,Restaurant,4257 Roberto Squares New Timothyhaven_ NY 01630,Lake Stephen,1906277080
886,Gentry and Sons,Restaurant,913 Katrina Mountains Apt. 164 East Thomas_ NJ 59999,New Tiffanystad,8450767276
887,Preston-Smith,Supermarket,18358 Moore Spring Suite 713 Gordonshire_ MT 45298,Strongmouth,813326327775776
888,Schmidt-Alexander,Supermarket,96966 Smith Expressway Lauraburgh_ MD 50475,West Sharonview,61602904566126
889,Bass LLC,Restaurant,7188 Zachary Views Lake Nicolehaven_ AL 24903,Owensstad,996149639330141
890,Simpson_ Mcguire and Brown,Restaurant,950 Dawn Mountains New Robert_ MI 58996,Pereztown,274464120134627
891,Walter-Stevens,Supermarket,32820 Lozano Fork Emilybury_ HI 03708,Charlesland,3698
892,Flores-Wade,Grocery Store,43443 Campbell Highway Ricetown_ MA 95006,Russellfurt,5254924716
893,Cooper_ Harvey and Jordan,Restaurant,241 Ethan Gardens Suite 016 Kevinshire_ MD 90518,Gomezfurt,1194343757
894,Fowler-Morgan,Restaurant,684 Mike Mission Suite 131 East Sharonmouth_ ME 61479,Cannonside,+142787113030408
895,Greer-Frye,Grocery Store,424 Ryan Circle Kellymouth_ MT 70307,Padillamouth,7257674070399
896,Marquez_ Reid and Kramer,Grocery Store,8981 William Extension Apt. 848 New Jenniferport_ RI 49072,Weberfurt,00131958433899156
897,Stephens-Braun,Catering Service,657 Charles Streets North Carolineberg_ AR 77518,Villastad,0017442823182
898,Wilson Group,Restaurant,Unit 6637 Box 3119 DPO AP 06435,Medinatown,4943539272
899,Jackson_ Lee and Hodge,Catering Service,5326 Christian Trail Port Hectorstad_ NH 21079,North Steven,001319954459821954
900,Campbell_ Peterson and Nixon,Catering Service,USCGC Sullivan FPO AE 70797,West Peter,00108095094053327
901,Galvan Ltd,Supermarket,053 Richard Glens Port Tanya_ AR 46804,West Melissastad,6379149942
902,Parsons Ltd,Supermarket,13271 Michael Way Apt. 244 South Jennifer_ AK 74009,Port Robertport,445558278792329
903,Galloway_ Hall and Oconnell,Catering Service,08907 Paige Canyon Suite 640 West Michaelborough_ RI 85483,Lake Kari,5586999188092
904,Smith-Morales,Grocery Store,92861 Megan Extension Apt. 163 Jacobsburgh_ MD 32991,West Miaside,48116224524959
905,Ayers LLC,Restaurant,901 Pacheco Dale Robertport_ OK 20674,North Kennethshire,922213365161067
906,Wright LLC,Supermarket,PSC 1473_ Box 2158 APO AE 95836,West Kevin,0015153836029214
907,Sanchez PLC,Supermarket,48910 Gordon Pike Apt. 720 Quinnshire_ AK 79288,South Marthahaven,539966976799956
908,Martinez-Young,Supermarket,1821 Davis Estates Dawnstad_ ND 73249,East Phillipton,4481824708
909,Gibbs_ Green and Krause,Restaurant,9340 Dalton Junctions Suite 998 Tiffanymouth_ SD 76155,Sheilaburgh,001228747824718530
910,Lee PLC,Restaurant,886 Mark Plain Suite 687 Lake Nicholashaven_ MN 43931,Leeburgh,3465177901471
911,Alexander PLC,Restaurant,28329 Gary Courts East Jonathan_ KS 04105,Garciatown,5996017460
912,Morrison LLC,Catering Service,Unit 7525 Box 7976 DPO AA 30814,Blaketown,7764203183
913,Crosby Group,Grocery Store,81218 Peter Rest Apt. 173 East Caitlinport_ NV 39150,Erikatown,+130705353037456
914,Whitaker Group,Catering Service,59776 Perry Turnpike Apt. 615 South Howard_ HI 48266,Garciaberg,13940084637894
915,Morton_ Perry and Lopez,Grocery Store,61563 Hendrix Viaduct Suite 566 Lake Harryton_ MA 17987,Port Raymondburgh,87036109343633
916,Davis and Sons,Catering Service,551 Huynh Trail Apt. 373 Lake Kevinton_ KS 39284,Patrickfort,9652663582
917,Moore_ Peck and Cox,Supermarket,827 Pace Unions Apt. 620 Paulhaven_ RI 85075,New John,0014032327921
918,Wilson-Medina,Grocery Store,PSC 7795_ Box 8364 APO AE 31123,East Heather,5360207040308
919,Cruz-Davis,Supermarket,032 Suarez Pine Apt. 241 Port Anthonyborough_ IN 97036,Port Tanyaburgh,1265951397
920,Hudson_ Spence and Perez,Restaurant,52439 April Lodge Timothyburgh_ MS 86772,New Calebberg,2329447078
921,Oliver-Orr,Grocery Store,56629 Tara Alley Apt. 226 South Adrianchester_ NE 12389,Lucasmouth,2913970048
922,Villegas Inc,Restaurant,648 Maria Gardens New Charles_ NM 12489,Lake Michael,3387210560
923,Rodriguez Inc,Supermarket,937 Murray Turnpike Lorrainestad_ RI 37088,Jonestown,1383312143
924,Rosales-Dillon,Supermarket,462 Nicole Common Wheelermouth_ VA 10670,Port Donnamouth,2593718249
925,White Ltd,Restaurant,04589 Cole Highway Suite 011 Sheltonbury_ MN 56672,East Jesse,8705153806
926,Perkins Ltd,Grocery Store,6749 Stewart Trace New Thomas_ KY 96239,North Chase,3776
927,Clark-Miranda,Catering Service,54388 John Bypass Suite 842 New Kimberly_ AL 69199,East Benjaminland,00151718081091808
928,Larson and Sons,Catering Service,5591 Kathleen Route Apt. 687 South Paul_ NC 69885,Zimmermanton,1528364864
929,Allen LLC,Catering Service,11055 Hayes Island Suite 805 Cynthiatown_ ME 65521,Lake Richardhaven,4740886934
930,Cannon-Garcia,Restaurant,18680 Krystal Inlet Apt. 200 East Janettown_ MO 64497,Kellytown,9421508200
931,Phillips-Bradley,Supermarket,6479 Beverly Club East Karen_ IN 38784,South Allisonburgh,0016454942603
932,Jones_ Allison and Ellison,Supermarket,95536 Hunt Harbor Apt. 227 North Alexisbury_ AR 45373,New Ginaborough,69232439424267
933,Jimenez-Ramirez,Catering Service,29016 Patricia Turnpike North Jeffreymouth_ VT 07661,Anthonyborough,406401455474878
934,Nelson and Sons,Grocery Store,8015 Meyer View South Bobby_ MN 09536,Steveport,+111406878554731
935,Frazier-Sanders,Grocery Store,5099 Campbell Falls Port Paulmouth_ AK 72465,Ramseyfort,001581378377204562
936,Velazquez_ Mitchell and Mcintyre,Supermarket,64520 Joshua Parks South Johnfurt_ TN 61990,Lisaborough,533325769938436
937,Taylor Group,Restaurant,14689 Scott Gateway North Curtis_ RI 22825,Roachhaven,9033018467005
938,Barker LLC,Restaurant,5999 Brenda Trail Apt. 807 Amberstad_ VT 22034,Hollyhaven,+1530780207225507
939,Reyes and Sons,Catering Service,2706 Samantha Ferry Suite 785 Kevinborough_ SC 54085,New Monicaside,9608634637
940,Bradley-Martin,Grocery Store,145 Diana Circle Suite 342 North Michelle_ AZ 40121,Williamsshire,+1131571052938557
941,George Group,Catering Service,20833 Huffman Plaza East Kevin_ MN 53076,Port Allisonland,001335284704876955
942,Miller LLC,Grocery Store,7974 Matthew Hill Suite 293 Lake Christopherstad_ MN 36854,West Stephenside,8700014338
943,York-Ferguson,Supermarket,157 Woods Cliffs East Arthur_ MS 76614,Lake Devon,122877379496948
944,Miller-Bennett,Supermarket,141 Benjamin Inlet Cisneroston_ VA 34027,Campbellbury,688080181429732
945,Young-Wu,Grocery Store,6293 Higgins Viaduct Apt. 488 Elizabethmouth_ MA 47397,Tamaraside,516871587460724
946,Brock_ Newton and Mccormick,Catering Service,3043 Aguilar Mission Coltonbury_ KS 26858,Roystad,69984939668395
947,Melton_ Olson and Foster,Catering Service,886 Griffin Ports Apt. 205 Port Hayden_ OH 11566,Lake Regina,+142716551211214
948,House-Bates,Supermarket,48407 Hall Cliffs Lake Traceymouth_ MD 10524,West Lisamouth,+1910582898379304
949,Jackson_ Howe and Gentry,Supermarket,Unit 6067 Box 3679 DPO AA 63953,Lake Deborah,0713389174
950,Robinson-Gibson,Supermarket,699 Brenda Landing Petersstad_ NH 95795,South Zacharymouth,0013130857612
951,Hodge_ Lee and Washington,Grocery Store,2730 Shannon Mall Apt. 069 Owensburgh_ MO 32097,Spenceland,2321569552
952,Harris_ Mcdonald and Taylor,Grocery Store,0039 Alexander Terrace Apt. 565 Aprilborough_ MI 33494,Samueltown,10111
953,Obrien-Zhang,Supermarket,29928 Hawkins Glens Suite 830 Millerfort_ AK 35617,West Abigailtown,7664556356
954,Herrera LLC,Catering Service,03238 Singh Mill Apt. 542 Donaldburgh_ IL 63546,Randallchester,8412901538
955,Williams PLC,Catering Service,0627 Keith Ferry Apt. 778 North Melaniechester_ NY 94824,Wrightville,7302873289
956,Haynes_ Barnett and Wiley,Supermarket,70012 Lucero Stravenue Floresbury_ CA 62305,Lake Lindsey,9802736877
957,Rice and Sons,Grocery Store,06266 Roberts Corner Jamiemouth_ ME 21665,South Tina,0011289881441190
958,Patel Ltd,Restaurant,892 Brandy Village Deborahshire_ AK 22864,Lake Vanessaland,6942147175
959,Stanley PLC,Grocery Store,3255 Steven Falls Apt. 575 South Ashleyton_ NM 59651,North Victoriastad,001428241585819231
960,Jackson_ Shelton and Mayer,Supermarket,6472 Michelle Drives Lake Robert_ VA 54017,Port Lance,+114019106167900
961,Davis_ Sanchez and Mendez,Restaurant,78391 Susan Landing Apt. 690 Cheyennefort_ WI 89189,New Amanda,0016966902244
962,Galloway-Henderson,Catering Service,Unit 2168 Box 9786 DPO AA 06880,Alexanderchester,00186792802123211
963,Johnson PLC,Supermarket,38009 Oconnor Prairie Janicemouth_ MS 31632,East Bernard,7640898990152
964,Graham and Sons,Catering Service,379 Thomas Roads Harrisport_ DC 76335,Connieside,+1328744436189629
965,Oconnor Ltd,Restaurant,49967 Victoria Union Suite 176 Watkinsport_ NC 14235,Port Bryce,+1484031682410667
966,Rivers_ Pena and Davies,Restaurant,Unit 9564 Box 1583 DPO AA 18894,Christopherside,3920873295
967,Miller Inc,Grocery Store,97290 Stephanie Mountains Apt. 247 Lindseyburgh_ WY 63235,Coleburgh,+192638699458729
968,Robinson_ Schaefer and Foster,Restaurant,83418 Joshua Place Suite 333 Nathanielborough_ IN 28904,Christopherton,+12356070553247
969,Hayden PLC,Catering Service,51093 Richard Corners Apt. 086 Rossmouth_ MS 72720,Port Christopher,6195343215
970,Lewis_ Preston and Price,Catering Service,6974 Paul Estate Lake Jacob_ NV 24380,Jeffreybury,6685913720
971,Scott_ Davis and Mcbride,Restaurant,89161 Christine Track Suite 497 Andreachester_ MD 90839,Port Daniel,0017973187062
972,Hurst_ Lee and Sims,Supermarket,20729 Martinez Locks West Katie_ KS 29229,Port Melissa,5210040816
973,Watson LLC,Supermarket,29574 Scott Flats Jamestown_ ME 66124,New Larry,8591148922
974,Jackson LLC,Grocery Store,61454 Ryan Well Suite 025 East Aprilside_ IL 12106,Moralesberg,5899515870
975,Lowe Ltd,Catering Service,234 John Rue Hendrixport_ AZ 46361,East Robertton,3261456491608
976,Robinson_ Rodriguez and Reilly,Restaurant,53064 Danny Centers Apt. 116 New Nicole_ WY 40193,Davisview,3175223773348
977,Anderson and Sons,Restaurant,1110 Martin Square Suite 965 West Anthony_ VT 13086,South Jessicachester,7595961190656
978,Lewis-Anderson,Catering Service,29974 Becker Hill Apt. 666 Pattonfurt_ NJ 66040,Flemingport,7046259654
979,Gray PLC,Restaurant,536 Joyce Locks Suite 818 East Catherine_ DE 59565,West Hunter,2091490656397
980,Baker Group,Restaurant,82725 Walker Parkway Karimouth_ VA 07630,Port Melissa,8088381022168
981,Glenn-York,Restaurant,96371 Owens Mountains North Daniellestad_ WI 11685,West Stevenport,063458390933019
982,Martinez PLC,Grocery Store,93509 Solomon Station Sarahview_ NH 55581,Westbury,94412923718219
983,Munoz_ Stone and Wallace,Grocery Store,739 Adams Alley Vangborough_ IN 50041,Herbertbury,0411353095826
984,Gamble-Davis,Catering Service,6516 Natalie Parkway Apt. 359 Port Angelicaville_ OK 74292,South Edwardtown,2988680798375
985,Frey PLC,Restaurant,4394 William Island West Beth_ OR 77721,Harrisonbury,8906615455
986,Wilson_ Harris and Mayo,Supermarket,075 Kim Vista Suite 910 South Natashaberg_ WA 02431,Port David,+1875361783621117
987,Harris_ Santos and Roberts,Supermarket,6861 Steven Isle Apt. 138 South Blake_ KS 26018,South Kevinhaven,0016643468788
988,Morris_ Serrano and Roberson,Grocery Store,29137 Williams Summit Apt. 780 Fullerton_ WA 63589,East Laura,+135501036142052
989,Williams-Aguirre,Grocery Store,6861 Tiffany Junction Apt. 176 Farleyfurt_ HI 39406,North Lauren,2059993497
990,Jones PLC,Catering Service,2646 Hull Wall Apt. 985 Valenciamouth_ TN 58725,Lake Latasha,+123106149294353
991,Spencer LLC,Supermarket,63770 Jessica Falls Apt. 397 Chadton_ VT 61248,Stevensborough,+17410410721937
992,Miller-Sanders,Grocery Store,896 Karen Island Apt. 800 Johnsontown_ NJ 75055,Browninghaven,6485996844
993,Mckinney Ltd,Restaurant,179 Fernandez Rapids Campbellport_ MA 31352,East Stephanie,2259592378
994,Porter_ Hernandez and Pace,Catering Service,3564 Hutchinson Shore South Danielle_ DC 15667,Amyport,0012798023400771
995,Moore Group,Supermarket,46915 Maynard Dam Suite 320 North Alyssa_ CA 48762,Manningshire,889093877551762
996,Vasquez_ Ruiz and Flowers,Restaurant,84308 Justin Stravenue New Amberside_ NE 53447,Williamview,+131937876270682
997,Garza-Williams,Catering Service,08864 Figueroa Radial Suite 948 Jennaberg_ AZ 21207,East Rossside,0019244413963746
998,Novak Group,Grocery Store,934 Zachary Run Melissamouth_ WY 02729,Joshuastad,90364219693300
999,Moody Ltd,Grocery Store,17580 Ernest Hills Lake Michaelmouth_ OR 56416,Stevenchester,63730036644880
1000,Jenkins-Brooks,Restaurant,53390 Evans Rapids Suite 982 Lake Meghan_ MO 44235,Brendantown,266324345895775
